13450|,
13271|I
12930|.
8502|the
7035|!
6437|...
6303|and
5138|is
5090|love
5052|i
4909|a
4656|to
4655|..
3279|my
3083|of
3062|that
2558|like
2545|was
2490|hate
2449|in
2091|Potter
2088|Harry
1891|it
1875|so
1843|awesome
1825|but
1591|stupid
1562|sucks
1494|for
1474|Vinci
1474|Da
1443|Code
1381|Brokeback
1364|really
1326|as
1323|The
1283|Mountain
1276|be
1263|beautiful
1245|much
1226|at
1222|you
1177|me
1143|have
1138|with
1119|on
1109|because
1102|are
1078|"
995|Tom
984|Cruise
975|UCLA
927|think
903|or
861|too
859|(
855|San
805|Francisco
800|this
793|about
789|we
785|Boston
776|Honda
764|want
756|sucked
733|I'm
732|just
728|Harvard
727|Angelina
725|movie
720|not
720|an
708|out
704|LOVE
696|London
679|)
672|which
670|great
663|would
649|Paris
646|-
633|Toyota
632|Hilton
630|Lakers
626|one
624|Jolie
620|it's
609|who
599|mountain
599|can
598|still
593|Mission
586|Impossible
585|how
581|more
577|Seattle
576|people
572|been
559|know
557|:
554|miss
550|need
506|he
503|brokeback
502|into
501|~
495|here
494|than
493|suck
490|impossible
489|seattle
488|when
485|from
484|mission
482|good
481|way
481|some
479|also
478|/
472|paris
472|even
469|only
468|loved
467|by
466|hilton
461|all
461|MIT
460|lakers
460|has
457|code
452|toyota
450|back
440|there
439|€
437|da
433|vinci
428|had
428|go
427|AWESOME
420|if
419|his
418|honda
415|up
413|being
411|Purdue
410|time
409|3
392|am
390|they
371|Shanghai
370|movies
369|why
358|see
354|going
344|over
344|'
339|AAA
335|harvard
333|do
326|london
325|right
324|said
322|I've
321|Oh
319|cool
310|As
307|her
305|were
305|she
305|got
304|fucking
304|boston
301|â
288|get
288|2
287|MacBook
285|And
284|å
282|now
281|angelina
280|san
280|jolie
278|well
277|don't
274|amazing
271|such
271|?
269|look
269|=
266|then
262|shanghai
261|other
261|friends
260|their
256|around
253|wait
252|mit
250|fun
250|does
244|lot
244|SUCKS
243|crappy
243|boring
242|>
240|pretty
240|both
240|Geico
238|depressing
235|though
235|new
228|tom
228|purdue
228|big
225|first
224|absolutely
223|shitty
222|start
222|So
219|will
219|geico
218|story
217|horrible
216|went
216|never
213|¸
213|things
213|thing
212|thought
209|Jennifer
208|HATE
207|ä
207|world
207|most
207|excellent
207|This
205|what
205|AND
204|wanted
203|your
203|man
202|told
202|him
201|heard
200|bitch
199|stuff
199|<
197|either
196|%
195|down
195|+
194|says
193|say
193|rocks
192|little
192|kinda
191|two
190|ucla
190|macbook
190|francisco
190|aaa
188|ugly
186|é
182|series
182|person
182|make
181|saw
181|last
180|should
180|guy
180|balboa
179|„
179|Â
179|ever
178|æ
178|reading
177|¤
175|terrible
175|dumb
174|My
174|Love
173|A
172|™
172|“
172|i'm
170|s
170|Stupid
168|far
167|anything
167|Right
165|better
165|Pro
164|again
164|GEICO
163|liked
163|Hillary
162|Up
161|Left
161|Airlines
160|Down
160|Clinton
159|anyway
158|almost
157|working
157|where
157|own
156|driving
156|can't
155|yeah
155|watching
154|did
153|majorly
152|no
151|arrogant
150|old
150|kind
149|blame
149|always
149|OVERRATED
149|Anniston
148|”
148|makes
148|left
147|cruise
146|ass
144|off
143|Which
142|¯
142|book
142|Anyway
140|same
139|¨
139|worth
139|gonna
139|Then
138|‚
138|American
137|opinion
136|before
135|year
135|our
135|needs
134|city
133|school
132|
132|turned
132|crazy
131|hill
131|I'll
129|Well
128|used
128|keys
127|them
127|hat
127|^
126|dad's
125|It
124|you're
124|home
123|place
123|lol
122|read
122|In
121|mean
120|Macbook
119|0
118|take
118|having
117|food
117|I'd
117|God
117|But
116|let
116|SUCK
114|least
114|guys
114|beat
113|those
113|its
113|inside
113|When
113|Now
113|1
112|second
112|end
112|away
112|MOUNTAIN
112|BROKEBACK
111|god
110|seen
110|moment
110|blue
110|We
109|watch
109|seems
108|stink
108|enjoy
108|Square
108|MY
106|care
106|actually
106|LONDON
105|film
105|details
105|across
105|&
104|million
104|basketball
104|anyone
103|site
103|girl
103|fact
103|anyways
102|vehicles
102|tournament
102|making
102|hated
102|der
102|Motor
101|schools
101|Jolie's
100|women
100|side
100|life
100|hope
100|THE
100|AAA's
99|Volkswagen
99|SEATTLE
98|˜
98|IS
98|*
97|ride
97|car
97|By
96|£
96|thats
96|hour
96|civics
96|bumper
96|agency
96|Los
96|Little
96|BOSTON
96|Angeles
95|ï¼Œ
95|woman
95|poor
95|mom
95|house
95|goes
95|face
95|$
94|knows
94|able
94|Today
93|past
93|parking
93|hasn't
93|after
93|VINCI
93|DA
93|;
92|tho
92|something
92|ok
92|gay
92|day
92|CODE
92|Because
91|there's
91|LOVED
90|work
90|we're
90|very
90|slept
90|reminded
90|er
90|Traffic
89|until
89|SUCKED
89|Not
88|begin
87|soo
87|made
87|luv
87|freakin
87|feel
87|bad
86|who's
86|cock
86|character
85|Šæµ
85|·
85|¥
85|plain
85|helped
85|head
85|guts
85|Ok
85|Francisco's
84|æœ
84|»
84|wrong
84|u
84|stand
84|sit
84|show
84|likes
84|letting
84|hates
84|friday
84|Black
83|type
83|serious
83|review
83|looks
83|TERRIBLE
83|Is
83|If
83|He's
82|reality
82|main
82|kate
82|hella
82|goin
82|deep
82|coz
82|count
82|community
82|YEAH
82|These
82|B
81|these
81|table
81|station
81|snuck
81|slap
81|since
81|noises
81|material
81|many
81|jokes
81|joining
81|grabs
81|dragged
81|dies
81|desperately
81|cowboy
81|commercials
81|bye
81|becoming
81|acceptable
81|Movie
81|@
81|2.5
80|wotshisface
80|whimpering
80|vigor
80|trousers
80|throat
80|stars
80|silent
80|sentry
80|rock-hard
80|retarted
80|quiz
80|profound
80|panting
80|outshines
80|lubb
80|love'The
80|leah
80|laughed
80|kirsten
80|kelsie
80|insanely
80|hung
80|homosexuality
80|hips
80|groaning
80|felicia's
80|felicia
80|escapades
80|dudeee
80|differently
80|despised
80|dash
80|daniel
80|cleaning
80|bonkers
80|bobbypin
80|blonds
80|aching
80|Zen
80|Virgin
80|Tye
80|Suicides
80|Malfoy
80|MTV
80|Jane
80|Hoot
80|Gin
80|Gary
80|GOT
80|Eyre
80|Draco
80|Combining
80|Catcher
80|Awards
80|Always
80|ACNE
79|may
79|LAKERS
78|through
78|team
78|game
78|fantastic
78|came
77|especially
77|drive
77|best
76|today
75|–
75|
75|looking
74|must
74|every
74|already
74|5
73|talking
73|Hyundai
72|evil
72|doing
72|cuz
72|cars
72|_
71|weekend
71|state
71|shit
71|everyone
71|dont
71|London's
71|It's
70|job
70|course
70|bit
69|part
69|long
68|might
68|For
67|totally
67|isn't
67|favorite
67|fan
67|[
67|You
67|TOM
67|CRUISE
66|sad
66|myself
66|lost
66|i've
66|beloved
65|season
65|piece
64|trying
64|pay
64|oh
64|looked
64|during
64|doesn't
64|different
64|days
64|cause
64|believe
63|won't
63|tour
63|took
63|music
63|freaking
63|fall
63|crap
63|college
62|wanna
62|sometimes
62|recommend
62|play
62|mother
62|living
62|glad
62|free
62|experience
62|everything
62|cities
62|cant
62|TO
61|ya
61|useless
61|sound
61|n
61|done
61|class
61|between
61|9
61|4
60|town
60|program
60|brilliant
60|bless
60|PC
60|However
60|D
60|10
59|young
59|weeks
59|ticket
59|putting
59|loves
59|including
59|drove
59|computer
59|attractive
59|ata
59|There
59|STUPID
59|PARIS
59|Kobe
59|HILTON
59|Awesome
58|yesterday
58|vs
58|three
58|seeing
58|min
58|longer
58|late
58|knew
58|hell
58|blog
58|besides
58|apparently
58|Story
58|P
57|thanks
57|small
57|post
57|means
57|market
57|lose
57|i'll
57|hand
57|graduation
57|gear
57|definitely
57|clothes
57|biased
57|With
56|±
56|talk
56|scene
56|loving
56|imagine
56|general
56|fat
56|faithful
56|exquisite
56|decent
56|currently
56|clinton
56|assholes
56|YOU
56|Since
55|ur
55|unattractive
55|spent
55|smart
55|realized
55|passed
55|pain
55|latest
55|ive
55|installed
55|early
55|desire
55|bike
55|beauty
55|Windoze
55|Previously
55|PASS
55|Legal
54|¿
54|¦
54|wow
54|wind
54|summer
54|struck
54|stick
54|stepped
54|sister
54|price
54|pleased
54|nor
54|lohan
54|lindsay
54|letter
54|kids
54|host
54|halary
54|fine
54|evening
54|duff
54|dinner
54|department
54|defective
54|commercial
54|calling
54|attain
54|article
54|anymore
54|ago
54|THIS
54|Sexy
54|On
54|HARVARD
54|Co
54|China
53|yo
53|try
53|train
53|toilet
53|till
53|taken
53|sweet
53|suns
53|study
53|stuck
53|street
53|scream
53|remember
53|random
53|ps
53|professor
53|problems
53|pictures
53|peoples'customs
53|neither
53|gust
53|grad
53|friend
53|excited
53|equipment
53|egos
53|effect
53|dream
53|died
53|apartment
53|announce
53|according
53|WANT
53|That's
53|TOYOTA
53|S
53|PURDUE
53|His
53|HIS
52|training
52|term
52|talked
52|super
52|rolled
52|rest
52|relatively
52|pure
52|note
52|missing
52|mind
52|magnified
52|liberalism
52|key
52|halfway
52|grocery
52|force
52|dorm
52|direction
52|diner
52|cry
52|considered
52|close
52|buddies
52|breathe
52|bloated
52|bills
52|based
52|applied
52|aback
52|Though
52|Mind
52|Have
52|Giants
52|Element
52|Coffee
52|Camry
52|AA
52|25
51|•
51|warm-weather
51|unassuming
51|stressful
51|sight
51|several
51|remembered
51|recently
51|recalled
51|proof
51|particularly
51|night's
51|mostly
51|lil'IS
51|lab
51|hv
51|history
51|green
51|grammar
51|further
51|fuel
51|elements
51|didnt
51|detest
51|deserve
51|could
51|btw
51|automakers
51|Taekwondo
51|SUCKSSSSSSS
51|SONG
51|SHANGHAI
51|ROCKS
51|Pictures
51|People
51|NYC
51|MIT's
51|Japan
51|Elements
51|Corp
51|Aniston's
51|Academy
51|370,000
51|19,000
50|youtube
50|yeh
50|x-terra-but
50|without
50|thunder
50|teams
50|sign
50|shoppers
50|sent
50|screamed
50|safety
50|rating
50|rabbits
50|pregnancy
50|praying
50|prayed
50|positions
50|portland
50|playoff
50|pistons
50|pissed
50|physical
50|number
50|none
50|morons
50|miserable
50|landcruiser
50|interview
50|intersection
50|hiked
50|hapless
50|haha
50|gift
50|ford
50|fav
50|family
50|faces
50|consistent
50|celica
50|barely
50|arrangement
50|allow
50|Way
50|Some
50|Scientology
50|Luke's
50|Lombard
50|Leavenworth
50|James
50|Harvard's
50|HERS
50|Emmy
50|Dream
50|All
50|2nd
50|2005
49|§
49|walking
49|wa
49|undergrads
49|ugliest
49|tbh
49|summerland
49|strook
49|somehow
49|skillz
49|shift
49|self
49|ranger
49|pompous
49|onced
49|mountains
49|metti
49|lightening
49|ironic
49|iBook
49|i'd
49|gor
49|glancing
49|galz
49|ga
49|exists
49|economy
49|eat
49|cover
49|cousin
49|ce
49|boycott
49|badly
49|appalingly
49|adore
49|Yep
49|University's
49|Taste
49|T
49|Sausalito
49|Pinoy
49|Personally
49|Parliament
49|Paramount
49|O
49|MUCH
49|Kelly
49|Houses
49|FUCKIN
49|Except
49|Christmas
49|Cal
49|BUG
49|B-girls
49|96
49|4runners
48|½çš
48|von
48|volvos
48|tv
48|trips
48|thus
48|than'park
48|task
48|survive
48|sure
48|sup
48|subarus
48|stated
48|spots
48|sides
48|removed
48|obviously
48|museums
48|library
48|interlocks
48|ignition
48|gearshift
48|faulty
48|facts
48|exodus
48|exit
48|crv's
48|criteria
48|catchy
48|boy
48|badass
48|Vios
48|Tuesday
48|Remind
48|Nicole
48|Matt
48|Markham
48|London-Museums
48|Jazz
48|Express
48|Cambridge
48|Apparently
48|=)
48|423,344
48|33
47|Žæ
47|Ÿå
47|å¾ˆç
47|µçš
47|ªstarbucksæ
47|word
47|van
47|v
47|us
47|uncle
47|trivial
47|title
47|superb
47|starbucks
47|sounding
47|schedule
47|remind
47|relevant
47|rejected
47|range
47|qualified
47|population
47|pearl
47|parallel
47|o
47|milin
47|managed
47|listed
47|homeless
47|hilly
47|hahah
47|fly-over
47|fly
47|erica
47|ear
47|den
47|connecticut
47|comment
47|carolla
47|camry
47|california
47|booze
47|blanket
47|auntie
47|airlines
47|Waja
47|VERY
47|She
47|Prolly
47|Pommes
47|ONE
47|Myvi
47|Music
47|Mayo
47|Karen
47|Kappo
47|Jo
47|IN
47|Hotel
47|Hongzhou
47|Gen
47|GAME
47|Chris
47|At
47|Along
47|94
46|ç
46|}
46|{
46|worm
46|works
46|wants
46|upset
46|tune-up
46|they've
46|subscription
46|round
46|personally
46|odometer
46|moved
46|literary
46|isnt
46|icon
46|hurts
46|expenses
46|excruciating
46|doubly
46|district
46|delightful
46|das
46|convinced
46|coat
46|canal
46|basically
46|april
46|Venice
46|Set
46|SUPERBOWL
46|SHIITE
46|Q
46|Pittsburgh
46|Naxos
46|MENTAL
46|Lol
46|Library
46|Lauer
46|LOST
46|GREAT
46|FIFTY
46|Colonnade
46|COROLLA
46|CENTS
46|Business
46|Before
46|Bar
46|Alexa
46|AH
46|230k
46|1992
45|‘
45|æˆ
45|åœ
45|ã
45|wanna-be
45|tits
45|spurs
45|plagiarizer
45|pillow
45|mommy
45|manuscript
45|kitchener
45|keyboards
45|ignorant
45|comfortably
45|color
45|clips
45|blonde
45|beginning
45|basket
45|apts
45|american
45|alittle
45|Wow
45|Three
45|Risky
45|Oto
45|Land
45|Hummer
45|HK
45|CRX
45|CRAP
45|CAR-HONDA
45|BOX
45|Antid
44|wildchild
44|weil
44|wegen
44|verÃƒ
44|usually
44|turn
44|trivia
44|themselves
44|statistic
44|sident
44|sexually-interesting
44|selfish
44|sci
44|rub
44|rgert
44|psychologically-damaged
44|noncomformist
44|needed
44|mutilated
44|lighter
44|ill
44|government
44|gleichsetzt
44|ganz
44|fi
44|feelings
44|everywhere
44|clear
44|cheating
44|attention-seeker
44|XP
44|Willis
44|View
44|Terroristen
44|THAT
44|PrÃƒ
44|Prius
44|Missouri
44|LJ
44|Kolumbien
44|Koks-Dealer
44|Harvard-Yale
44|Funny
44|Bruce
44|Boston's
44|BIG
44|AUDITION
44|102
44|):
43|©
43|winner
43|uk
43|tooling
43|stone
43|stepping
43|starving
43|self-destructive
43|road
43|pack
43|ought
43|mavs
43|header
43|factor
43|distrust
43|dealerships
43|dealer
43|blows
43|beijing
43|bangungot
43|US
43|Trav
43|Thanksgiving
43|TIME
43|STORY
43|Policy
43|Hospital
43|Handy
43|Exposed
43|Disastrous
43|Boston-which
42|®
42|wouldnt
42|volkswagen
42|summers
42|smooth
42|racist
42|pink
42|nanatiling
42|month
42|legally
42|kills
42|gawssh
42|emblems
42|deserves
42|defend
42|cylinder
42|citizens
42|carlos
42|birds
42|aunts
42|W
42|SAUCE
42|POTATOES
42|Olin
42|MASHED
42|III
42|CRANBERRY
42|23.5
42|14.6
41|surfing
41|rule
41|processing
41|gray
41|gaming
41|drama
41|dependable
41|crunching
41|comfy
41|asian
41|ashley
41|ahhh-mmmm-aaa-zzzz-ing
41|TAKE
41|State
41|L
41|Bush
41|35mpg
41|1999
40|¶
40|system
40|streets
40|poking
40|night
40|lifetime
40|episode
40|disappear
40|didn't
40|buds
40|bet
40|One
40|Dallas
40|BW
39|roads
39|find
39|card
39|backing
39|United
39|Monkee
39|Milpitas
39|Library's
39|George
38|—
38|jessica
38|balls
38|New
38|Cs
38|13
37|‰
37|çš
37|çºªå
37|åº
37|½åƒ
37|µå
37|°
37|
37|weren't
37|song
37|simpson
37|london-stinking-england
37|britney
37|Mavericks
36|spears
36|quite
36|one-way
36|dumped
36|Kidman
35|that's
35|case
34|damn
34|any
33|hyundai
33|allstate
32|]
32|UIUC
32|Farm
32|Capital
31|times
31|sexy
31|York
31|Allstate
30|next
30|mastercard
30|getting
30|come
30|another
30|Mastercard
29|while
29|tell
29|real
29|nice
29|funny
29|difficult
29|books
29|Southwest
29|Airways
28|trip
27|yet
27|interesting
27|Sony
27|Chicago
26|years
26|probably
26|hard
25|tired
25|few
25|Also
24|watched
24|live
24|decided
24|crossing
24|bridges
24|awful
23|suffering
23|sony
23|she's
23|severe
23|saying
23|homesickness
23|express
23|citi
23|ATA
22|week
22|use
22|gorgeous
22|give
22|found
22|dislike
22|That
21|someone
21|prefer
21|ones
21|insurance
21|enough
21|Northwest
20|soon
20|sick
20|run
20|laptop
20|idea
20|Bulls
20|:)
19|whole
19|t
19|sorry
19|service
19|news
19|idiot
19|guess
19|girls
19|farm
19|credit
19|against
19|President
19|Citi
19|After
18|weather
18|money
18|company
18|campus
18|b
18|although
18|ThinkPad
17|ï
17|½
17|wish
17|win
17|thinkpad
17|taking
17|started
17|rude
17|once
17|im
17|hear
17|happy
17|fuck
17|else
17|buy
17|black
17|SO
17|IMPOSSIBLE
17|He
16|vaio
16|sucking
16|president
16|move
16|maybe
16|hit
16|exciting
16|enjoyed
16|bank
16|WAS
16|Vaio
16|Thinkpad
16|Man
16|MISSION
16|Inspiron
16|Dell
15|yes
15|rather
15|major
15|hot
15|friendly
15|couple
15|comes
15|call
15|MasterCard
15|ANGELINA
15|2006
14|w
14|visit
14|truck
14|tonight
14|perfect
14|officially
14|nothing
14|name
14|na
14|instead
14|he's
14|finally
14|felt
14|dick
14|despise
14|dad
14|VAIO
14|JOLIE
13|œ
13|
13|won
13|truly
13|traffic
13|they're
13|reason
13|pro
13|point
13|less
13|hours
13|hilarious
13|high
13|heart
13|haven't
13|group
13|gecko
13|gas
13|front
13|completely
13|capital
13|c
13|break
13|area
13|along
13|What
13|U
13|No
13|Just
13|Hilton's
13|Hey
13|Ford
12|wasn't
12|stinks
12|short
12|rock
12|playing
12|places
12|passion
12|incredibly
12|hillary
12|help
12|half
12|die
12|coming
12|called
12|bought
12|admit
12|Yeah
12|Why
12|Sucks
12|John
12|Core
12|Civic
12|Brad
12|7
12|#
11|worship
11|top
11|students
11|student
11|sort
11|sa
11|related
11|realize
11|played
11|morning
11|months
11|matter
11|lousy
11|loathe
11|line
11|kick
11|flight
11|except
11|choice
11|beetle
11|angry
11|ads
11|They
11|Richie
11|Like
11|Knicks
11|Indiana
11|IBM
11|Gecko
11|BUT
11|12
10|worthless
10|white
10|whatever
10|understand
10|thinking
10|theme
10|starting
10|specifically
10|simply
10|seriously
10|sell
10|respect
10|red
10|phone
10|obnoxious
10|list
10|impressive
10|feeling
10|expensive
10|example
10|engine
10|deal
10|change
10|business
10|blah
10|ball
10|Spurs
10|REALLY
10|More
10|Hate
10|HP
10|HATED
10|Girl
10|DALLAS
10|Bridge
10|Bank
10|BEAUTIFUL
10|AIRLINES
10|100
9|’
9|¢
9|wanting
9|uiuc
9|travel
9|tomorrow
9|supposed
9|stay
9|songs
9|shopping
9|problem
9|plan
9|open
9|omg
9|okay
9|nung
9|men
9|lately
9|la
9|ko
9|kid
9|iPod
9|hey
9|football
9|flights
9|extremely
9|drivers
9|civic
9|cannot
9|band
9|asked
9|agree
9|actress
9|action
9|Thursday
9|Okay
9|NBA
9|MAVERICKS
9|LIKE
9|Insurance
9|Houston
9|HONDA
9|First
9|Duo
9|Beetle
9|America
9|Accent
9|ASS
9|6
8|¡
8|wouldn't
8|whether
8|update
8|under
8|unbelievably
8|ten
8|stories
8|stop
8|sounds
8|soccer
8|sites
8|reasons
8|rant
8|rain
8|put
8|ppl
8|plane
8|picture
8|pick
8|minutes
8|met
8|mentioned
8|meet
8|mavericks
8|m
8|lie
8|level
8|leaving
8|lame
8|lady
8|intended
8|honest
8|given
8|full
8|each
8|due
8|dealership
8|de
8|cute
8|clearly
8|campaign
8|bunch
8|boys
8|ask
8|album
8|airline
8|VOLKSWAGEN
8|Pitt
8|Pavilion
8|Lord
8|Interrupted
8|Good
8|EVIL
8|Crash
8|C
8|Apple
8|Antonio
8|AMAZING
8|2003
8|11
7|yea
7|words
7|walk
7|using
7|united
7|un
7|true
7|trouble
7|tiny
7|tickets
7|telling
7|store
7|sports
7|southwest
7|silver
7|shows
7|possible
7|plus
7|piÃƒ
7|party
7|p
7|ng
7|missed
7|mention
7|later
7|known
7|kicked
7|kept
7|itself
7|inept
7|incompetent
7|however
7|hotel
7|honestly
7|honda's
7|hair
7|gotta
7|gave
7|four
7|forever
7|flying
7|fit
7|famous
7|fake
7|fabulous
7|etc
7|ended
7|efficient
7|dude
7|dallas
7|cowboys
7|cold
7|coach
7|classes
7|chicago
7|cheap
7|chance
7|cd
7|caveman
7|cash
7|brand
7|baby
7|ad
7|accent
7|While
7|To
7|Saturday
7|STILL
7|Rockets
7|Plus
7|Pacers
7|OF
7|Night
7|Monday
7|Life
7|Let
7|Jetta
7|Honda's
7|From
7|Friday
7|FRANCISCO
7|FOR
7|Even
7|College
7|Clinton's
7|Center
7|Aniston
7|Although
7|ARE
6|wrote
6|write
6|worst
6|water
6|war
6|video
6|usual
6|tried
6|thinks
6|stopped
6|stayed
6|spring
6|special
6|space
6|soul
6|sooooo
6|sketchy
6|set
6|sense
6|senator
6|seem
6|running
6|record
6|radio
6|project
6|prize
6|power
6|please
6|pics
6|overall
6|negligent
6|mga
6|memory
6|meeting
6|media
6|magazine
6|lots
6|lives
6|likely
6|learned
6|lang
6|kicks
6|jk
6|issues
6|issue
6|husband
6|horrendous
6|highly
6|hating
6|happened
6|grown
6|generally
6|folks
6|fire
6|finished
6|finish
6|finals
6|final
6|films
6|fell
6|feels
6|eyes
6|expected
6|expect
6|exactly
6|entertainment
6|design
6|dell
6|cut
6|customer
6|culture
6|cousins
6|country
6|club
6|clever
6|catch
6|cards
6|bush
6|bullshit
6|bridge
6|birthday
6|benefits
6|becuase
6|ang
6|afraid
6|actor
6|acting
6|accident
6|Yesterday
6|Yes
6|Yaris
6|University
6|UHG
6|Toyota's
6|Sonata
6|Santa
6|SAN
6|Richard
6|Red
6|Really
6|Purdue's
6|OUT
6|NEW
6|Mr
6|Me
6|M
6|Its
6|Information
6|FUCKING
6|EVER
6|Democrats
6|Cruise's
6|Corolla
6|Civics
6|Card
6|Bill
6|Beautiful
6|ALLSTATE
6|::
6|2008
6|2001
5|Ã
5|york
5|writing
5|wonderful
5|within
5|ways
5|walked
5|waiting
5|ve
5|vaio's
5|universally
5|trust
5|total
5|together
5|theater
5|thank
5|talks
5|style
5|straight
5|somewhere
5|sold
5|site-thanks
5|sisters
5|shop
5|shirt
5|share
5|semester
5|security
5|screwed
5|score
5|runs
5|recent
5|r
5|proud
5|protect
5|prohibits
5|powders
5|positive
5|points
5|pero
5|period
5|performance
5|parts
5|parents
5|paranoid
5|pages
5|online
5|novel
5|normal
5|nicole
5|near
5|nd
5|nag
5|mood
5|model
5|mileage
5|lizard
5|lil
5|light
5|liberal
5|leave
5|learn
5|lah
5|kerchoo
5|joined
5|jazz
5|info
5|inaccurate
5|huge
5|holla
5|ho
5|hilton's
5|heat
5|health
5|headed
5|hardcore
5|handsome
5|hahaha
5|gotten
5|gets
5|games
5|futile
5|forward
5|forgot
5|following
5|filled
5|figure
5|fans
5|fandom
5|eye
5|equally
5|enjoying
5|eh
5|dress
5|dog
5|disliked
5|discount
5|disappointing
5|decide
5|death
5|dance
5|cruel
5|crowd
5|crew
5|couldn't
5|coolest
5|congrats
5|conference
5|condition
5|concert
5|complaint
5|compared
5|charge
5|characters
5|certainly
5|center
5|celebrities
5|cavemen
5|building
5|brother
5|broke
5|brad
5|bogus
5|board
5|blessed
5|bill
5|behind
5|attitude
5|apply
5|alot
5|alone
5|ako
5|airways
5|airport
5|air
5|afternoon
5|adorable
5|acknowledged
5|Your
5|Went
5|WE
5|VW
5|Things
5|Texas
5|Stone
5|Still
5|Rings
5|Passat
5|Our
5|Oscar
5|Or
5|Of
5|NOT
5|Mit
5|ME
5|Let's
5|Last
5|Laker
5|Jack
5|Im
5|IU
5|IT
5|Hot
5|Halloween
5|HAVE
5|Fuck
5|Fit
5|Does
5|Demons
5|Day
5|Chinese
5|Brown
5|Best
5|Beijing
5|Bears
5|Bay
5|Anderson
5|AS
5|AMERICAN
5|:(
5|8
5|2007
5|17
4|yellow
4|y'all
4|written
4|worse
4|worker
4|worked
4|wondering
4|windows
4|window
4|weekends
4|website
4|view
4|version
4|value
4|unless
4|und
4|tragic
4|tow
4|tire
4|third
4|theft
4|texas
4|television
4|suppose
4|subject
4|studying
4|struggle
4|stole
4|staying
4|star
4|staff
4|speech
4|soooo
4|sooo
4|software
4|smell
4|skyline
4|skin
4|sitting
4|single
4|singing
4|silly
4|shots
4|shoes
4|shape
4|sex
4|settle
4|seats
4|scenes
4|scary
4|scared
4|room
4|rocked
4|roadside
4|ridiculous
4|rent
4|religious
4|pull
4|publication
4|proves
4|prove
4|presidential
4|politics
4|pic
4|phony
4|paying
4|parties
4|parked
4|paper
4|page
4|pa
4|owner
4|others
4|order
4|opened
4|official
4|offer
4|offense
4|notebook
4|northwest
4|normally
4|nearly
4|named
4|mouth
4|mo
4|minus
4|miles
4|middle
4|miami
4|management
4|mad
4|machine
4|lucky
4|luck
4|low
4|losing
4|located
4|local
4|lesson
4|lead
4|laid
4|kicking
4|kick-ass
4|joke
4|inspiron
4|insane
4|income
4|idiots
4|identity
4|icons
4|ibm
4|human
4|houston
4|honor
4|hole
4|hold
4|helping
4|heads
4|happen
4|hanging
4|hands
4|grow
4|graphics
4|graduate
4|golf
4|gives
4|george
4|gate
4|gang
4|fuckin
4|frustrated
4|freshman
4|figured
4|feet
4|fee
4|featuring
4|favor
4|fairly
4|explain
4|eventually
4|events
4|essential
4|entire
4|energy
4|en
4|email
4|earth
4|e
4|dunno
4|dun
4|dry
4|door
4|dismal
4|disastrous
4|disappointed
4|didn
4|detail
4|defense
4|customers
4|cried
4|court
4|cost
4|correct
4|convertible
4|considering
4|conclusion
4|complex
4|complain
4|comparison
4|companies
4|choices
4|check
4|changed
4|cell
4|caught
4|candidate
4|butt
4|busy
4|bus
4|bulls
4|bro
4|bitter
4|bitches
4|began
4|battery
4|auf
4|ate
4|aside
4|arrived
4|apart
4|answer
4|annoying
4|amazingly
4|admire
4|added
4|actual
4|act
4|accepted
4|absurd
4|You're
4|YAMMER
4|X-Men
4|World
4|Woo
4|Will
4|Who
4|Wes
4|Washington
4|WITH
4|Visa
4|V
4|UNITED
4|There's
4|Thanks
4|TV
4|T60
4|Sunday
4|Summer
4|States
4|Stanford
4|Sox
4|Sometimes
4|Smith
4|Simple
4|She's
4|Seahawks
4|Rocks
4|Rabbit
4|Perhaps
4|Only
4|Old
4|OH
4|NO
4|N
4|Museum
4|Mrs
4|Most
4|Miss
4|Maybe
4|MOVIE
4|MOST
4|MACBOOK
4|Larry
4|Ladies
4|LA
4|Kate
4|Johnson
4|Jesus
4|J
4|Irish
4|Iraq
4|Indian
4|IM
4|How
4|Hollywood
4|HORRIBLE
4|Great
4|Golf
4|Goblet
4|Getz
4|German
4|Georgia
4|GTI
4|GO
4|Fire
4|Finding
4|Finals
4|Finally
4|Fe
4|Evil
4|Everyone
4|Dr
4|Don't
4|Dear
4|Dan
4|DVD
4|Cruiser
4|Clippers
4|City
4|CLINTON
4|CAN
4|CA
4|Both
4|BlogBacklinkTitle
4|BlogBacklinkSnippet
4|BUSH
4|BTW
4|BLAH
4|Another
4|Angels
4|About
4|AP
4|AM
4|ALWAYS
4|ALL
4|AAdvantage
4|6th
4|500
4|50
4|24
4|1st
4|.
.
4|(:
3|ë
3|younger
3|yelling
3|yale
3|yah
3|x
3|writer
3|winter
3|widescreen
3|whore
3|whine
3|whenever
3|wheels
3|wet
3|wes
3|weird
3|wall
3|voice
3|visited
3|vegas
3|vacation
3|unpleasant
3|university
3|tuesday
3|truth
3|truely
3|tree
3|traveling
3|transport
3|towed
3|ton
3|tiburon
3|throw
3|threw
3|they'll
3|theres
3|therefore
3|tests
3|tells
3|teeth
3|tech
3|teaching
3|teaches
3|teacher
3|takes
3|switched
3|swear
3|survived
3|surprised
3|surely
3|sum
3|suggests
3|sufficiently
3|sticking
3|stereo
3|step
3|starts
3|starter
3|standing
3|speed
3|speaker
3|sorta
3|soooooo
3|snow
3|slow
3|sleeper
3|sinister
3|singer
3|sing
3|simple
3|similar
3|sigh
3|sich
3|showing
3|shot
3|shittiest
3|shiny
3|senior
3|secretly
3|searching
3|search
3|se
3|scooters
3|scientology
3|scholarship
3|save
3|sat
3|santa
3|row
3|rotten
3|roommate
3|romantic
3|rich
3|rice
3|return
3|restaurants
3|resource
3|rep
3|rented
3|remix
3|reliable
3|relaxed
3|reflux
3|reaction
3|reach
3|rates
3|rare
3|rants
3|ran
3|raining
3|racism
3|racing
3|rabbit
3|quote
3|question
3|punched
3|public
3|professors
3|professional
3|products
3|processor
3|prob
3|pricey
3|prices
3|previous
3|pretending
3|presented
3|present
3|powerbook
3|potential
3|posts
3|posted
3|polluted
3|political
3|pocket
3|player
3|plans
3|pizza
3|pitt
3|phrase
3|photo
3|perhaps
3|pee
3|parody
3|paid
3|overrated
3|otherwise
3|originally
3|opportunities
3|opening
3|onto
3|often
3|obvious
3|nuts
3|nothin
3|north
3|nifty
3|multimedia
3|moving
3|mother's
3|minute
3|message
3|mess
3|members
3|mas
3|manage
3|male
3|magical
3|lunch
3|lonely
3|loaded
3|link
3|lines
3|liking
3|legged
3|lecture
3|leather
3|learning
3|leader
3|lazy
3|layout
3|law
3|laptops
3|language
3|land
3|kobe
3|knowledge
3|kno
3|knicks
3|kiss
3|killing
3|keyboard
3|keeps
3|kami
3|junior
3|joy
3|jacket
3|ist
3|involved
3|interest
3|intense
3|inspiring
3|industry
3|incredible
3|included
3|impression
3|impressed
3|important
3|idk
3|hybrid
3|hoping
3|hopes
3|hooked
3|holidays
3|hockey
3|hire
3|himself
3|here's
3|held
3|heavy
3|hatchback
3|harder
3|gosh
3|goodness
3|gone
3|god-awful
3|goal
3|gloomy
3|gigs
3|garden
3|future
3|funniest
3|fucks
3|frequent
3|freezing
3|former
3|form
3|flawed
3|flat
3|fixed
3|fix
3|first-year
3|finger
3|finding
3|fill
3|figures
3|features
3|fanfiction
3|false
3|failed
3|faculty
3|extra
3|exhibit
3|excuse
3|everybody
3|event
3|equal
3|environment
3|entry
3|english
3|ending
3|electric
3|ein
3|egg
3|education
3|edition
3|eating
3|easy
3|dresses
3|dreams
3|douche
3|doubt
3|dork
3|donkey
3|dollars
3|doesnt
3|display
3|disappointment
3|directions
3|direct
3|despite
3|desktop
3|designer
3|deserved
3|demons
3|delayed
3|definately
3|decision
3|current
3|crying
3|cruz
3|critics
3|crews
3|crave
3|cos
3|core
3|continuously
3|consequences
3|computers
3|comp
3|commericals
3|comments
3|comin
3|coffee
3|clippers
3|choose
3|chinatown
3|children's
3|children
3|chicken
3|charged
3|chants
3|career
3|camera
3|cal
3|cafe
3|cab
3|buying
3|burden
3|buggers
3|brought
3|broken
3|bring
3|brain
3|boyfriend
3|box
3|bookmark
3|boobs
3|boo
3|body
3|blood
3|beyond
3|becuz
3|become
3|bear
3|beans
3|batteries
3|ban
3|bags
3|award
3|attend
3|attempt
3|asshole
3|aspire
3|asking
3|applying
3|anywhere
3|antonio
3|annual
3|announcing
3|animated
3|aka
3|aint
3|ahead
3|agent
3|afford
3|address
3|add
3|actors
3|acid
3|achievement
3|accidentally
3|abusive
3|\
3|Youth
3|Young
3|Yet
3|Yale
3|XD
3|Working
3|Wisconsin
3|We've
3|Watched
3|WHORE
3|WHOLE
3|WHO
3|WHAT
3|UGLY
3|Tundra
3|Tower
3|Top
3|Tomorrow
3|Tiburon
3|Those
3|Thing
3|Thank
3|Tautou
3|THEY
3|TC
3|Street
3|St
3|Sonny
3|Someone
3|Shyamalan
3|Shaq
3|Seymour
3|Sarandon
3|SHOW
3|SHE
3|SAT
3|Ron
3|Road
3|Reward
3|Reasons
3|Reading
3|Public
3|Poor
3|Picture
3|Peter
3|Paul
3|Park
3|Once
3|Often
3|ON
3|OFFICIALLY
3|November
3|NY
3|NOW
3|NORTHWEST
3|NC
3|N'T
3|Mostly
3|Mary
3|Mark
3|Mac
3|MA
3|LOL
3|Kinda
3|K
3|July
3|Johnny
3|Jerry
3|Japanese
3|Jake
3|Intel
3|Hopefully
3|Holy
3|Hoffman
3|History
3|Heat
3|Hartford
3|Hall
3|HILLARY
3|Gun
3|Green
3|Gotta
3|Gorgeous
3|Gold
3|Going
3|Getting
3|GOD
3|Frank
3|Focus
3|Florida
3|Flight
3|Ever
3|Empire
3|Earth
3|EXPRESS
3|ERM
3|Dynamite
3|Dont
3|Disney
3|Dirk
3|Democrat
3|David
3|Dame
3|DO
3|DICK
3|D:
3|Computer
3|Come
3|Club
3|Chevy
3|Championship
3|Celica
3|Can
3|California
3|CRV
3|COMMERCIALS
3|CITI
3|Brooke
3|British
3|Bless
3|Big
3|Besides
3|BORING
3|BE
3|Auto
3|Australia
3|Audrey
3|Audi
3|Area
3|Arab
3|Angel
3|Airport
3|Aaa
3|AWFUL
3|AT
3|AN
3|ABSOLUTELY
3|97
3|400
3|40
3|30
3|2004
3|20
3|05
3|...
.
2|í
2|Âœ
2|¬
2||
2|zero
2|yung
2|yun
2|yuck
2|youu
2|youre
2|you'd
2|yay
2|yanked
2|xanga
2|x-men
2|writers
2|worrying
2|worried
2|wood
2|wondered
2|wonder
2|woke
2|witchcraft
2|winters
2|wins
2|winning
2|wif
2|wide
2|whose
2|whoops
2|whoever
2|whistles
2|whereas
2|whats
2|web
2|wearing
2|we'd
2|wats
2|wasnt
2|warwick
2|walks
2|wales
2|waking
2|waited
2|voted
2|volunteers
2|visually
2|visiting
2|vintage
2|videos
2|via
2|vehicle
2|various
2|variations
2|vampire
2|vain
2|utterly
2|utter
2|upon
2|updating
2|upbringing
2|unsympathetic
2|unfortunately
2|unfortunate
2|unexpected
2|underwear
2|understanding
2|unable
2|ummm
2|umbrella
2|uh
2|uglier
2|tym
2|twist
2|twin
2|turns
2|tt
2|trusty
2|trunk
2|trulli
2|trucks
2|troubles
2|triple
2|tries
2|trial
2|treat
2|traveled
2|trains
2|trailers
2|tragically
2|trade
2|trackpoint
2|track
2|toyota's
2|towns
2|tourist
2|touch
2|toshiba
2|topic
2|tool
2|tons
2|tonite
2|toes
2|toe
2|tit
2|timing
2|tied
2|tiden
2|thursday
2|thousand
2|thoughts
2|thin
2|they'd
2|theaters
2|test
2|terror
2|terribly
2|tenure-track
2|teh
2|tea
2|taylor
2|taught
2|talent
2|tad
2|tacoma
2|supporting
2|support
2|sunny
2|sunday
2|suitcase
2|suit
2|suddenly
2|success
2|stupidest
2|studio
2|strongly
2|strong
2|strip
2|stress
2|strangely
2|stores
2|stickshift
2|sticker
2|steady
2|starring
2|square
2|spy
2|spirit
2|spending
2|spend
2|speeches
2|speaking
2|speak
2|soundtrack
2|solve
2|solid
2|smiling
2|slightly
2|sky
2|skinny
2|sixth
2|sivullinen
2|sila
2|sighting
2|shut
2|shouted
2|shout-out
2|shout
2|shall
2|sh
2|sexiest
2|send
2|selections
2|select
2|seemingly
2|seemed
2|seat
2|season-Ralf
2|screw
2|screening
2|screen
2|screaming
2|scar
2|savings
2|satire
2|salsa
2|sales
2|safe
2|rush
2|ruling
2|royally
2|rounds
2|rolls
2|role
2|rockets
2|robot
2|robbed
2|rite
2|ritchie
2|risk
2|ring
2|rin
2|rights
2|ridiculously
2|rides
2|rewards
2|returning
2|returned
2|retarded
2|retard
2|result
2|respects
2|resolution
2|research
2|requested
2|reputation
2|represent
2|reply
2|replacement
2|repair
2|rental
2|religion
2|release
2|relationship
2|rehabilitating
2|regret
2|regardless
2|regarding
2|refused
2|reference
2|redshirt
2|records
2|recording
2|reconnecting
2|receive
2|realizing
2|realised
2|ready
2|re-reading
2|rap
2|ram
2|races
2|race
2|quizzes
2|questions
2|que
2|quarterback
2|q
2|purpose
2|purports
2|purple
2|purchase
2|punk
2|pulls
2|psychotic
2|psychology
2|proved
2|proudly
2|promote
2|prolly
2|projects
2|progressive
2|print
2|priceless
2|preview
2|pregnant
2|preferred
2|predictable
2|pray
2|practices
2|practice
2|powers
2|powerful
2|possibly
2|popular
2|popped
2|popcorn
2|pop
2|poorly
2|pool
2|politician
2|policy
2|plenty
2|plays
2|players
2|planned
2|pipe
2|pills
2|pickup
2|physics
2|photography
2|phoenix
2|phenomenon
2|phase
2|personal
2|perfectly
2|peoples
2|people's
2|penis
2|password
2|passengers
2|passenger
2|pass
2|partly
2|park
2|parang
2|parallels
2|pals
2|pale
2|pager
2|pacing
2|pacers
2|oven
2|outside
2|outlook
2|ordered
2|orange
2|orally
2|options
2|option
2|opportunity
2|oo
2|omfg
2|ole
2|older
2|oil
2|og
2|office
2|offically
2|offering
2|offered
2|offence
2|odd
2|occasionally
2|obsession
2|obsessed
2|nowhere
2|notts
2|notoriously
2|noticed
2|nonetheless
2|noise
2|nite
2|nights
2|nicely
2|nga
2|newspaper
2|net
2|nerdy
2|nerd
2|nba
2|national
2|nano
2|naked
2|nails
2|mysterious
2|murder
2|municipal
2|mumbles
2|mrs
2|motor
2|monroe
2|monkey
2|monitor
2|moms
2|moments
2|modern
2|moderate
2|models
2|mode
2|mobile
2|mob
2|mitsubishi
2|mirror
2|ministry
2|mine
2|millions
2|midway
2|mid
2|michelle
2|method
2|messed
2|merely
2|mentally
2|memories
2|membership
2|master
2|mask
2|marks
2|manual
2|mann
2|mall
2|mainstream
2|mailing
2|madre
2|macBook
2|ma
2|lying
2|luggage
2|lower
2|lovely
2|louder
2|loud
2|losers
2|loose
2|lookin
2|longtime
2|locate
2|loan
2|lived
2|literally
2|lit
2|listen
2|lips
2|links
2|limit
2|limang
2|life-affirming
2|libraries
2|liar
2|letters
2|lets
2|let's
2|les
2|lending
2|legs
2|led
2|laugh
2|lake
2|lack
2|lOVE
2|knowing
2|knocking
2|kissing
2|kings
2|kinds
2|killed
2|kill
2|keep
2|kaso
2|kasi
2|kasama
2|ka
2|jumped
2|jukebox
2|juice
2|join
2|john
2|jobs
2|jesus
2|jessica's
2|jerk
2|jelly
2|jam
2|jack
2|ja
2|ito
2|items
2|involving
2|involve
2|invade
2|internet
2|international
2|interested
2|intellectual
2|intel
2|integra
2|infuser
2|information
2|inexpensively
2|indie
2|indiana
2|inconsistent
2|inch
2|immensely
2|immediately
2|imma
2|images
2|ignore
2|idolize
2|ideas
2|ideal-a
2|ich
2|ice
2|hurt
2|humor
2|housing
2|hott
2|horribly
2|hopefully
2|homework
2|holy
2|hollywood
2|holding
2|hk
2|hits
2|historical
2|hiring
2|hippie
2|hint
2|hills
2|hide
2|het
2|hes
2|hero
2|heres
2|hehehe
2|hedge
2|heatsink
2|havent
2|haven
2|happens
2|hailed
2|hahahaha
2|gym
2|guide
2|guest
2|grinning
2|grandparents
2|grand
2|grades
2|grade
2|gothic
2|gold
2|goddamn
2|glory
2|global
2|glamour
2|gladly
2|giving
2|giddy
2|ghosts
2|ghetto
2|gettin
2|gestures
2|gene
2|geeks
2|geek
2|gearing
2|gayness
2|gay-ass
2|g
2|fÃ
2|fully
2|fuckers
2|fucker
2|frustrating
2|friggin
2|friendships
2|franchise
2|founded
2|forms
2|formed
2|forgotten
2|forgettable
2|foot
2|foolish
2|fond
2|florida
2|flick
2|five
2|fish
2|fireworks
2|fired
2|fingers
2|finance
2|filipino
2|fighting
2|fight
2|fierce
2|field
2|fiction
2|fic
2|fiasco
2|fear
2|favourite
2|fault
2|fate
2|fast
2|fashion
2|fanfic
2|fancy
2|families
2|familiarity
2|fam
2|fairweather
2|fair
2|failure
2|factory
2|experienced
2|exhausted
2|exhaust
2|excluding
2|exact
2|everyday
2|essay
2|esp
2|escaped
2|es
2|erroneous
2|episodes
2|entries
2|entertaining
2|enjoyable
2|engineering
2|ends
2|empty
2|element
2|elantra
2|el
2|effects
2|editor
2|economics
2|echter
2|east
2|easier
2|ease
2|earlier
2|e1505
2|dying
2|duo
2|dumbass
2|dull
2|dudes
2|duck
2|dual-core
2|drunks
2|drugs
2|drug
2|drown
2|dropped
2|drives
2|driver
2|driven
2|drivable
2|drinking
2|drink
2|draw
2|double
2|doors
2|dong
2|don
2|domestic
2|dividend
2|distance
2|dissapointed
2|dismissing
2|disgusted
2|discussion
2|dis
2|dirty
2|director
2|difficulties
2|diesmal
2|diesel
2|dictate
2|di
2|destination
2|designers
2|described
2|demonstrate
2|demographic
2|democracy
2|demand
2|dem
2|delicious
2|degrees
2|defensive
2|default
2|deeply
2|dedicated
2|decline
2|debt
2|deals
2|dead
2|date
2|darn
2|darling
2|d
2|culminated
2|crosses
2|cringe
2|creature
2|craze
2|crashed
2|crash
2|cranked
2|crack
2|covered
2|coverage
2|courtesy
2|courage
2|counter
2|counted
2|couldnt
2|couch
2|costumes
2|costume
2|costs
2|corolla
2|corner
2|cooler
2|cookie
2|convince
2|controversy
2|continues
2|contains
2|consumer
2|constitutional
2|constant
2|consider
2|conquering
2|connected
2|confronted
2|condensed
2|concern
2|complete
2|complaining
2|compilation
2|competition
2|compact
2|common
2|comfortable
2|comercial
2|comeback
2|columbia
2|colourfully
2|colors
2|colleges
2|collection
2|codicil
2|clubs
2|closet
2|closest
2|closed
2|clerk
2|clean
2|classic
2|claim
2|church
2|choosing
2|chinese
2|chill
2|child
2|chevy
2|cheated
2|chatting
2|chat
2|charley
2|charity
2|chanting
2|changing
2|challenges
2|certain
2|centre
2|central
2|celebrate
2|cave
2|causing
2|cast
2|cares
2|carefully
2|cap
2|cancelled
2|canceled
2|campuses
2|camping
2|camp
2|calls
2|calligraphy
2|burnt
2|burning
2|build
2|bug
2|buffet
2|budget
2|buddy
2|bringing
2|breathing
2|bread
2|bound
2|bother
2|boss
2|born
2|booth
2|boost
2|blowing
2|bloody
2|blaring
2|blaming
2|birth
2|biggest
2|better-but
2|berkley
2|belt
2|below
2|belong
2|belief
2|bei
2|behaviour
2|beetles
2|beer
2|bed
2|beating
2|bears
2|beach
2|bdaybday
2|bday
2|bay
2|baseball
2|bars
2|bar
2|banning
2|bangs
2|background
2|bachelor
2|awkward
2|awesomest
2|awesomeness
2|aware
2|awards
2|awakening
2|average
2|available
2|automatic
2|auto
2|author
2|authentication
2|audi
2|auch
2|atrocious
2|athletics
2|assistance
2|asleep
2|asks
2|ashamed
2|art
2|armrest
2|aren't
2|areas
2|appreciated
2|appreciate
2|application
2|apple
2|anytime
2|answers
2|anime
2|angle
2|angel
2|ample
2|amount
2|among
2|amex
2|america
2|allies
2|all-time
2|alive
2|airlines-cheap
2|airbags
2|ah
2|agreed
2|age
2|african
2|advertising
2|admissions
2|admiring
2|admired
2|addition
2|acura
2|achieved
2|account
2|accord
2|accompaniment
2|accidents
2|accidental
2|absolutly
2|abroad
2|abrasive
2|above
2|abortion
2|Yankees
2|YES
2|X
2|Write
2|Wizard
2|Windows
2|Williams
2|Wiccanism
2|Whitney
2|Whether
2|What's
2|Western
2|Wesley
2|Weisberg's
2|Watson
2|Was
2|War
2|Walk
2|Wal-Mart
2|WELL
2|Vince
2|Video
2|Very
2|Vegas
2|Vanilla
2|Van
2|Vampire
2|Values
2|Upon
2|Und
2|Un-Pimp
2|Ultimate
2|USC
2|UCLA's
2|Traveling
2|Tokyo
2|Times
2|Thomas
2|Thinking
2|Thames
2|Ted
2|Te
2|Tale
2|Taking
2|Taiwanese
2|Tacomas
2|Tacoma
2|TRIED
2|TRANSPORT
2|TOTALLY
2|THOSE
2|THINK
2|TEAM
2|Sure
2|Supra
2|Suck
2|Steve
2|Stealing
2|Stars
2|Speaking
2|South
2|Sorry
2|Sorcerer's
2|Slugbug
2|Slate
2|Sir
2|Simpson
2|Simmons
2|Shields
2|ShangHai
2|Service
2|Seriously
2|Series
2|September
2|Sense
2|Senate
2|Sears
2|Sean
2|Science
2|Schumer
2|SUVs
2|STATE
2|SOUTHWEST
2|SOOOOOO
2|SONY
2|Rowling
2|Rover
2|Robert
2|Rob
2|Ridgeline
2|Ride
2|Reunion
2|Reno
2|Religious
2|Reid
2|Reason
2|Range
2|RUINED
2|RUDE
2|RONALD
2|ROCK
2|RIP
2|REAL
2|R
2|Quick
2|QUE
2|Probably
2|Prisoner
2|Prince
2|Poznan
2|Potter's
2|Posted
2|Platinum
2|Pizza
2|Picard
2|Phillip
2|Payton
2|Painter
2|Pac
2|PM
2|PHONE
2|Over
2|Originally
2|Oregon
2|Oprah
2|Ontario
2|Office
2|Obama
2|OUR
2|OTHER
2|OR
2|ONLY
2|ONCE
2|OMG
2|OMFG
2|OK
2|OFF
2|Number
2|Nothing
2|North
2|Nissan
2|Newark
2|National
2|Narrowing
2|Narnia
2|Nanjing
2|Nancy
2|NSX
2|NIGHT
2|NEVER
2|Mutual
2|Murtha
2|Murderball-Immediately
2|Moving
2|Molly
2|Mitsubishi
2|Mini
2|Mike
2|Microsoft
2|Michigan
2|Miami
2|MiT
2|Mexican
2|Mercury
2|Memory
2|Media
2|Mazda
2|Matrix
2|Math
2|Maserati
2|Marvel
2|Martin
2|Marcia
2|Many
2|Manchester
2|Macs
2|MP3
2|MORE
2|MONTHS
2|MISS
2|MIND
2|MIAMI
2|MI3
2|MI
2|MAC's
2|Lousy
2|Louis
2|Lords
2|Longo
2|Living
2|Lisa
2|Linux
2|Lifer
2|Liberal
2|Lestat
2|Lenovo
2|Lee
2|Latin
2|Laptops
2|Lama
2|Lady
2|Lackey
2|LIFE
2|LCD
2|LAX
2|LATE
2|LAME
2|Kobe's
2|Kirsch
2|King
2|Kelo
2|Kelly's
2|Kay
2|Katrina
2|KICKS
2|Justin
2|Julia
2|Judging
2|Jr
2|Jones
2|Joe
2|Jettas
2|Jessica
2|Jersey
2|Jeep
2|Jason
2|Jamie
2|Jacob
2|JUST
2|Israel
2|Iron
2|Iraqi
2|Interview
2|Identity
2|Ideally
2|Ian
2|ITASA
2|II
2|IDIOT
2|Hybrid
2|Hp
2|Hoover
2|Honda-Toyota
2|Hogwarts
2|Hill
2|Heath
2|Head
2|Having
2|Haven't
2|Haunt
2|Has
2|Happy
2|Hanks
2|Half-Blood
2|Hakeem
2|Had
2|HIllary
2|HELL
2|HEART
2|HE
2|HAD
2|HA
2|H
2|Goodness
2|Go
2|Girls
2|Gingrich
2|Gavin
2|Gang
2|Gandalf-Ugly
2|Games
2|Gameday
2|Game
2|Gaither
2|GUYS
2|GT
2|GOOD
2|GOING
2|GM
2|GHz
2|GET
2|GEORGE
2|GECKO
2|G3
2|G
2|Furious
2|French
2|Freddie
2|Fred
2|Franklin
2|Fourth
2|Foster
2|Finance
2|Fetch
2|Fast
2|False
2|Face
2|FUCKEN
2|FUCK
2|FREAKING
2|FJ
2|FACT
2|F
2|Eye
2|Exciting
2|Everybody
2|Every
2|Erin's
2|Eragon
2|English
2|England
2|Emma
2|Echo
2|EVERYONE
2|EVERY
2|EVEN
2|ESPN
2|Dyson
2|Dude
2|Driving
2|Drew
2|Drama
2|Design
2|Democratic
2|Damn
2|Dalai
2|DID
2|DFW
2|DC
2|DAY
2|Customer
2|Curtis
2|Cubs
2|Congressman
2|Commercials
2|Coming
2|Code's
2|Cocktail
2|Church
2|Christian
2|Christ
2|China's
2|Central
2|Celtics
2|Car
2|Captain
2|Capote
2|Candy
2|Canada
2|CR-V
2|CHECK
2|CD
2|CAR
2|CAPITAL
2|Buy
2|Buffalo
2|Bubble
2|Bryant
2|Brooks
2|Brandon
2|Boswell
2|Board
2|Birthday
2|Bible
2|Ben
2|Being
2|Beans
2|Barbara
2|Band
2|Ball
2|Baked
2|Back
2|Baby
2|BASTARDS
2|BALLS
2|Azkaban
2|Australian
2|Ata
2|Asshole
2|Asian
2|Art
2|April
2|Anyways
2|Anybody
2|Anne
2|Ang
2|An
2|Amazing
2|Alexander
2|Air
2|Again
2|Afraid
2|Acura
2|Actually
2|Aaron
2|AWESOMELY
2|AIRWAYS
2|AIRPORT
2|ABC
2|:-)
2|99
2|98
2|92
2|911
2|90
2|86
2|85
2|75
2|700
2|6000
2|45
2|35
2|32
2|31st
2|21st
2|200
2|1995
2|1993
2|1990
2|1983
2|1966
2|15
2|1100
2|10pm
2|07
2|00
1|›
1|…
1|†
1|Žçš
1|šæ
1|ŒìŠ
1|Œæœ
1|ï¼
1|ì
1|ëŸ
1|ë²
1|éƒ½çˆ
1|è
1|ç¾Žä
1|å¼
1|ÂµÂª
1|­
1|zurecht-sin
1|zugleich
1|zu
1|zoom
1|zombie
1|zander's
1|zach
1|z60t
1|yur
1|yup
1|yuan
1|yr
1|youts
1|youth
1|yours
1|youll
1|you've
1|you'll
1|you'and
1|yoga
1|yip
1|yesssssssssssssss
1|yesh
1|yen
1|yeeeee
1|year-old
1|year-but
1|year's
1|yeah-I
1|yawn
1|yaris
1|yall
1|y'know
1|xc
1|xbox
1|xXxR
1|xO
1|xD
1|x40
1|wussy
1|wussies
1|wtf
1|writes
1|wrecked
1|wre
1|wranglers
1|wounded
1|wouldn
1|would've
1|worthwhile
1|worry
1|worries
1|world-Vincent
1|world'approach
1|workstation
1|workforce
1|word'suck
1|wor
1|wooden
1|wont
1|woman-both
1|wohl
1|wo
1|witty
1|witha
1|with'Love
1|wit
1|wished
1|wisdom
1|winslet
1|windshield
1|windowed
1|willll
1|willingness
1|willing
1|wild
1|wife
1|widely
1|wickedly
1|whos
1|whom
1|wholesale
1|whiny
1|whining
1|whew
1|wherever
1|whereveer
1|wherein
1|where'courage'means
1|wheel
1|whatev
1|what's
1|whale
1|whad
1|whacked
1|wewent
1|west's
1|west
1|werent
1|wept
1|wen
1|weltmarke
1|welp
1|well-rounded
1|well-loved
1|well-executed
1|welcomes
1|wel
1|weirds
1|weeked
1|weeeellllllll
1|wedgied
1|weddings
1|wed
1|websites
1|weblink
1|wears
1|wear
1|weaned
1|wealthy
1|weak
1|we'll
1|wazzup
1|waxing
1|watcihng
1|watchin
1|watchdogs
1|wat
1|wasting
1|wastes
1|waste
1|washington
1|wash
1|was'Harry
1|warriors
1|warranty
1|warped
1|warns
1|warned
1|warmongers
1|warmongering
1|warmer
1|waren
1|wardrobe
1|want-A-sony
1|wannabe
1|wandered
1|wami
1|walls
1|wallets
1|wallet
1|wake
1|waivers
1|waived
1|waitin
1|wai
1|waft
1|wadna
1|wades
1|wackey
1|wacked
1|wabash
1|vulnerable
1|vulgar
1|vouchers
1|voter
1|vonne
1|volunteering
1|volume
1|volt
1|volkswagon
1|volkswagen's
1|vitality
1|visuelle
1|virginity
1|virginia
1|violence
1|vindaloo
1|villains
1|vile
1|views
1|viewings
1|viewed
1|vice
1|vibe
1|veryvery
1|vertribt
1|vertebrates
1|version's
1|versa
1|vernal
1|verbs
1|venting
1|vegetarian
1|vegetable
1|veary
1|vault
1|vastness
1|vary
1|valley
1|valid
1|valentine's
1|vague
1|uuggh
1|utmost
1|utilities
1|uses
1|username
1|usage
1|urls
1|upside
1|upping
1|upgraded
1|upgrade
1|updated
1|unwrapping
1|unwared
1|unusual
1|unsuccessful
1|unsafe
1|unrelated
1|unreel
1|unprepared
1|unpredictable
1|unlocked
1|unloaded
1|unlikely
1|unlike
1|universty
1|units
1|uniform
1|ung
1|unfulfilling
1|unfriendly
1|unethical
1|unelegant
1|undoubtedly
1|understood
1|understands
1|underneath
1|underground
1|undergraduate
1|undergrad
1|undercover
1|undeliverable
1|uncurl
1|unauthorized
1|una
1|um
1|ultraportable
1|ultimatly
1|ultimately
1|ulit
1|ughhh
1|ugh
1|uggh
1|ucla's
1|ucb
1|uc
1|ubc
1|typing
1|types
1|typed
1|twins
1|twilight
1|twice
1|twas
1|tustin
1|tussi-haft
1|turntables
1|turnover-prone
1|turner
1|turkeys
1|tungt
1|tune
1|tuna
1|tuition
1|tryouts
1|trumped
1|trump
1|truly-awful
1|troubleshoot
1|trouble-stirrer
1|troop
1|tristan
1|tripped
1|trickled
1|tribal
1|trenches
1|treatment
1|treating
1|treated
1|treasure
1|trashiness
1|transporting
1|transplanting
1|transmission
1|translates
1|transits
1|transgressions
1|transformed
1|transactions
1|transaction
1|trajectory
1|traitor
1|traffic-Seattle
1|traditional
1|tradition
1|trackpad
1|tpos
1|toy
1|towing
1|towel
1|towards
1|toward
1|tourists
1|tough
1|touching
1|touched
1|totalled
1|totaling
1|toru
1|torn
1|topshop
1|topics
1|top-flight
1|tooo
1|toolish
1|tony
1|tonights
1|tong
1|tome
1|tol
1|toh
1|today's
1|tobacco
1|toasted
1|toAt
1|to'up
1|to'real
1|to'mit'posters
1|tnt
1|tix
1|tita
1|tiring
1|tingle
1|timings
1|timelining
1|timberlake
1|tim
1|tilstoppet
1|til
1|tight
1|tiger
1|tiffani
1|ties
1|tie
1|tiburan
1|tiberon
1|ti
1|thz
1|thx
1|thses
1|thru
1|thriller
1|thrill
1|three-generation
1|threatre
1|threatening
1|threatened
1|threat
1|thoughhh
1|though-Just
1|though-I
1|thoroughly
1|this'Double
1|thirty
1|thirdly-the
1|thinspo
1|thinkpad's
1|thinking-Tom
1|thinking'Goddamn
1|things-i
1|thing-NICHOLE
1|thick
1|thesis
1|therefor
1|theory
1|theories
1|theological
1|theirs
1|theatreland
1|the_mayor_was
1|the'emergency
1|the'I
1|that've
1|thankful
1|tha
1|th
1|texts-fantasy
1|text
1|testing
1|terrier
1|terms
1|terminal
1|tercel
1|tensions
1|tennis
1|tenia
1|tend
1|temptin'and
1|temporary
1|tellin
1|teevee
1|teenagers
1|tedious
1|technically
1|teamwork
1|team's
1|teach
1|taz
1|tayo
1|tax
1|tau
1|tatem
1|tatanggi
1|tat
1|targeted
1|taping
1|tape
1|tao
1|tanked
1|tank
1|tandem
1|tanabe
1|tan
1|tall
1|talktalktalk
1|talkin
1|talaga
1|taire
1|tails
1|tahoe
1|tagteam
1|tacacs
1|tabloaid
1|tables
1|tab
1|tC
1|t60
1|t-shirt
1|t-series
1|systems
1|sync
1|sydrome
1|swung
1|switch
1|swimming
1|sweetest
1|sweeping
1|sweaters
1|swallows
1|swallow
1|suzie
1|suxs
1|suspenseful
1|suspense
1|suspended
1|suspect
1|surveyed
1|surreptitiously
1|surrender
1|surprisingly
1|surprising
1|suppposed
1|supposedly
1|supports
1|supportive
1|supported
1|supper
1|supermarket
1|superior
1|superficial
1|sunshine
1|sunset
1|sunoco
1|sunlight
1|sunfire
1|sun
1|summit
1|summer-friendly
1|summed
1|summarizing
1|sullivan
1|suits
1|suitably
1|suitable
1|suing
1|suggestions
1|suggest
1|sufra
1|suffer
1|sue
1|sucky
1|suckss
1|sucksS
1|sucks'I
1|suckass
1|suck-tackular
1|suck-ass
1|succeeded
1|succeed
1|suburb
1|subtitles
1|substantiated
1|subsequent
1|submitted
1|submission
1|subjects
1|sub-par
1|sub
1|suCKS
1|styling
1|styled
1|stuy
1|sturdiness
1|stunning
1|stunk
1|stud
1|stubborn
1|stte
1|struggling
1|struggled
1|structure
1|stronger
1|stringin
1|strides
1|strict
1|stretching
1|stretch
1|streifen
1|stream
1|strawberry
1|strategists
1|strategist
1|strange
1|storytimes
1|story-i
1|storms
1|stoned
1|stoker
1|stock
1|stint
1|stinking
1|stinkin
1|stil
1|sticky
1|stfu
1|stew
1|step-dad
1|steal
1|stats
1|stations
1|stationed
1|statement
1|startling
1|starred
1|starlette
1|starkist
1|starion
1|staring
1|stared
1|stanfurd
1|stanford
1|standstill
1|stands
1|standpoint
1|standoffish
1|standby
1|stance
1|stamps
1|stall
1|stained
1|sry
1|squarely
1|squared
1|squad
1|spunks
1|spree
1|spouse
1|spot-on
1|spot
1|sport
1|spontaneously
1|sponsorship
1|sponsors
1|spoiled
1|split
1|spite
1|spit
1|spirity
1|spin
1|spilled
1|spends
1|spelt
1|spells
1|spelling
1|spelled
1|spell
1|speeding
1|spectacularly
1|spectacular
1|specs
1|specified
1|specially
1|specialized
1|spec
1|speaks
1|sparkle
1|spares
1|spankin
1|spam
1|spalding
1|spade
1|sox
1|sowas
1|southern
1|south
1|sour
1|sounded
1|sophmore
1|soooooooooooooooooooooo
1|sooooooooooooooooooooo
1|sooooooooooo
1|soooooooo
1|sooooooo
1|sooner
1|sons
1|song'Nothing
1|sone
1|son's
1|son
1|somtine
1|somewhat
1|sometime
1|somerother
1|someones
1|someday
1|somebody
1|solved
1|soldier
1|sol
1|social
1|socal
1|sobra
1|soak
1|snuggle
1|snowing
1|snobbery
1|sneakers
1|smokes
1|smoked
1|smog
1|smith
1|smiles
1|smartest
1|smarter
1|smalltown
1|smaller
1|smack
1|slutty
1|slut-faced
1|slut
1|slumping
1|slots
1|slopes
1|slipped
1|slightest
1|slighted
1|slid
1|slickness
1|sleeping
1|sleep
1|sleek
1|slash
1|slack
1|skyland
1|skyblue
1|skipping
1|skip
1|skills
1|ski
1|skank
1|sk8ter
1|size
1|siyang
1|six
1|situations
1|sits
1|sissy
1|sis's
1|sis
1|sings
1|sincerely
1|sincere
1|sin
1|simultaneously
1|simmons
1|silvery
1|silence
1|signs
1|signal
1|sighhhh
1|sigh-I
1|sicknes
1|si
1|shuttle
1|shutdown
1|shrugs
1|shriek
1|shrank
1|shraddha
1|showroom
1|showin
1|shower
1|showed
1|shoved
1|shoulder
1|shotgun
1|shortcomings
1|short-lived
1|shops
1|shooting
1|shoot
1|shooot
1|shoed
1|shocked
1|shlepping
1|shite
1|shit-I
1|shishio
1|shirts
1|shipmates
1|ship
1|shiiit
1|shh
1|shes
1|shelter
1|shell
1|sheet
1|sheer
1|sheepskin
1|she'll
1|shark
1|shares
1|shared
1|shaq
1|shaped
1|shanty
1|shanghainese
1|shanghai-frustrated
1|shameful
1|shame
1|shaking
1|shade
1|shack
1|shabby
1|seymore
1|sexual
1|sexiness
1|sexier
1|settling
1|settlement
1|settings
1|setting
1|settin
1|session
1|ses
1|services
1|serviced
1|serviceable
1|served
1|serve
1|serivce
1|serial
1|sera
1|sequels
1|seperated
1|separated
1|seoul
1|sentient
1|sensible
1|senses
1|senseless
1|sends
1|sending
1|seminar
1|semi-ghetto
1|sellling
1|selling
1|selfportraits
1|seinem
1|seeking
1|sedans
1|sedan
1|sections
1|section
1|secretaries
1|seconds
1|second-most
1|secluded
1|seating
1|seanet
1|script
1|scrimp
1|screwing
1|screens
1|screenplay
1|screeching
1|scraping
1|scored
1|scoreboard
1|scifi
1|scientists
1|scienceeee
1|schwartzman
1|school's
1|schmoring
1|scheute
1|scheduling
1|scent
1|scenery
1|sceneries
1|scenario
1|scatches
1|scarf
1|scapegoat
1|saying'yes
1|saying'Harry
1|sawed-off
1|sawduh
1|saved
1|saturday
1|satellite
1|satanic
1|sat-wyatt
1|sassymngal
1|sarcastic
1|sapagkat
1|salt
1|salmon
1|sale
1|said'I
1|said'Harry
1|sagging
1|safely
1|safari
1|sadly
1|sabi
1|sabado
1|sHit
1|s5
1|s2000
1|runway
1|runner
1|rumor
1|ruminations
1|ruinous
1|ruining
1|ruined
1|rudest
1|rubbish
1|rubbed
1|rss
1|rowing
1|routing
1|routine
1|route
1|roundtable
1|rounded
1|roud
1|rosie
1|rooting
1|rooms
1|roomies
1|ron
1|romance
1|rolling
1|rode
1|rocksand
1|rocking
1|robes
1|robe
1|roast
1|roadster
1|river
1|rivalry
1|rival
1|ripping
1|ripped
1|rip-offs
1|rife
1|rid
1|richie
1|richest
1|riches
1|richard
1|rhumba
1|rhinestones
1|revolves
1|revolution
1|revise
1|reviews
1|reverse
1|revel
1|revealed
1|rev
1|reunion
1|retrouver
1|retrospectively
1|retreat
1|rethink
1|results
1|restofher
1|restarted
1|responsive
1|responsible
1|responsibility
1|response
1|responsability
1|responded
1|respond
1|respite
1|respective
1|respected-but
1|respected
1|resort
1|resonance
1|resolve
1|resignation
1|residents
1|resident
1|residency
1|reservoir
1|reservation
1|resentment
1|resemblence
1|resale
1|res
1|rereading
1|required
1|request
1|repudiate
1|republican
1|reprieve
1|reports
1|report
1|replied
1|replacing
1|replacements
1|repeat
1|repaired
1|reopened
1|rendezvous
1|render
1|remove
1|reminds
1|reminding
1|remarks
1|reliability
1|reli
1|relaxing
1|relationships
1|reinforcements
1|reimburse
1|rehearsal
1|rehab
1|regular
1|regions
1|refusing
1|refuses
1|refurb
1|refrigerator
1|reform
1|refocus
1|redoing
1|rediculous
1|redeemed
1|recovery
1|recommendation
1|recomendable
1|reclaiming
1|reciprocates
1|recharge
1|recalls
1|rebuild
1|reason-angelina
1|rear
1|reaper
1|reap
1|reals
1|reallllllly
1|realization
1|reali
1|reads
1|readers-deal
1|reader
1|react
1|reached
1|reaally
1|re-election
1|re-booked
1|re-assigned
1|raven
1|rated
1|rate
1|rarely
1|rarace
1|raquel
1|raping
1|rapidly
1|rapid
1|ranks
1|ranch
1|ramshackle
1|ramp
1|raising
1|raises
1|raised
1|rain-lots
1|rachel
1|rach
1|quÃªte
1|quoted
1|quit
1|quirky
1|quip
1|quietly
1|quiero
1|quickness
1|quickly
1|quick
1|queue
1|questioner
1|queer
1|queen
1|quarter
1|quality
1|quaintly
1|qi
1|qb
1|pwede
1|puts
1|pushed
1|push-starting
1|pursuing
1|purse
1|purposes
1|purposely
1|purdues
1|purchased
1|puppy
1|pup-tent
1|punya
1|punch
1|pump
1|pulled
1|puff
1|pude
1|pudding
1|published
1|publicly
1|public's
1|pub
1|psychiatric
1|psyched
1|pseudo-futuristic
1|proximity
1|prowl
1|proving
1|provides
1|provider
1|provided
1|protests
1|protest
1|protection
1|propz
1|propriÃ
1|proprietary
1|proposing
1|proposed
1|proposal
1|propogating
1|properly
1|propaganda
1|promo
1|promise
1|programs
1|profitible
1|product
1|produce
1|process
1|proceeded
1|procedure
1|probs
1|problematic
1|probaly
1|probable
1|proactive
1|private
1|prints
1|printer
1|princeton
1|princess
1|primer
1|primary
1|pride
1|pricks
1|previews
1|prevented
1|pretty-packaging
1|prettiest
1|pretentious
1|pretend
1|prestigous
1|prestigious
1|prestige
1|pressure
1|pressing
1|press
1|presidents
1|presently
1|presentation
1|preseason
1|prescription
1|preparation
1|prejudices
1|prefers
1|preetty
1|prediction
1|predictably
1|predictability
1|precious
1|preaching
1|preaches
1|pre-sale
1|pre-med
1|pre-euthanized
1|pre-crazy
1|prank
1|praktisch
1|praised
1|practically
1|powerless
1|powerhouses
1|powered
1|powell
1|powder
1|pounds
1|pot
1|postponed
1|postition
1|posting
1|posted'cept
1|postal
1|post-graduate
1|possum
1|posh
1|poseidon
1|posed
1|portugal
1|poppa
1|pop-culture
1|pon-pon
1|polluting
1|politically
1|policies
1|polarizes
1|poised
1|pointy
1|pointless
1|pointing
1|poetic
1|poet
1|poem
1|podcasts
1|pocas
1|pm
1|plot
1|pleasant
1|playplayplay
1|playoffs
1|playground
1|playa
1|plausible
1|platte
1|platnium
1|platform
1|plastic-like
1|plastic
1|planning
1|planner
1|planes
1|plane's
1|place-there's
1|pix
1|pitiful
1|pisses
1|piss-ass
1|pirated
1|pirate
1|pinaka
1|pinagsasasabi
1|pimple
1|pilots
1|pilot
1|pill
1|pikepine
1|pig
1|pieces
1|pie
1|picturesque
1|picnic
1|picky
1|picks
1|pickin
1|piccs
1|piano
1|pi
1|physician
1|physican
1|physically
1|phsyco
1|photos
1|photographer
1|phonecall
1|philosopher
1|phillip
1|philip
1|philharmonic
1|pharmacists
1|phallic
1|pet
1|perusing
1|persue
1|personnel
1|personaly
1|personality
1|persists
1|permit
1|permanently
1|permanant
1|periodic
1|performer
1|percentage
1|per
1|people-the
1|pens
1|pennis
1|peliculas
1|peices
1|pearlescent
1|peaks
1|peace
1|pc
1|payout
1|payment
1|payed
1|paycheck
1|pavilion
1|patriot
1|path
1|pat
1|passÃ
1|passionately
1|passing
1|passes
1|partying
1|partyin
1|partnership
1|partisan
1|partially
1|parking's
1|parents'stupid-ass
1|parc
1|paraphrased
1|paralyze
1|paragraphy
1|paradise
1|parade
1|para
1|papasa
1|pants
1|panties
1|panic
1|panahon
1|palm
1|palatial
1|pair
1|paint
1|painfully
1|painful
1|paha
1|pah
1|pagkauwi
1|pag
1|padded
1|packs
1|packing
1|packets
1|packed
1|packaged
1|package
1|paar
1|pIx
1|oyu
1|oxygen
1|owns
1|owning
1|owned
1|overwhelming
1|overtook
1|overtime
1|overslept
1|oversimplifying
1|overshadowed
1|overs
1|overreaching
1|overqualified
1|overpriced
1|overlooking
1|overlaps
1|overexagerated
1|overdoing
1|overcoming
1|overcast
1|outta
1|outsiders
1|outperformed
1|outof
1|outnumbered
1|outfit
1|outdoor
1|ours
1|otu
1|oscar
1|original
1|orig
1|orgasm-inducing
1|organizers
1|organizations
1|orchestra
1|optioned
1|oprah
1|oppurtunites
1|oppa
1|opinions
1|operation
1|opens
1|open-mindedness
1|onnly
1|one-two
1|once-in-a-lifetime
1|on-the-other-hand
1|on-campus
1|omnirain
1|olympics
1|oldschool
1|old-fashioned
1|ol'Hillary
1|ol
1|okei
1|ohio
1|oh-so-exciting
1|offs
1|officiating
1|officialy
1|officials
1|officer
1|office-y
1|offers
1|off-campus
1|of'brokeback
1|odyssey
1|oder
1|oddssey
1|oddly
1|ocean
1|occult
1|occasions
1|occasional
1|obwohl
1|obviously-is
1|obsessive
1|obliged
1|objects
1|objectively
1|oakland
1|nÃ
1|nyser
1|nya
1|nwa
1|nw
1|nurturing
1|nude
1|nowadays
1|novels
1|nouveau
1|notriously
1|notorious
1|noticia
1|nother
1|noted
1|nose
1|northern
1|norfolk
1|nordstrom
1|nonsense
1|nononono
1|nonlinear
1|non-segmented
1|non-moving
1|non-fiction
1|non-existable
1|non-citibank
1|nominee
1|nominated
1|nominate
1|noisy
1|noch
1|nobody
1|noble
1|nila
1|nightview
1|nick
1|nicest
1|nicee
1|ngt
1|ngeenjoy
1|ngayon
1|nfjvkfsdfnvjkdnlv
1|newest
1|networks
1|nerve
1|nerf
1|nerds
1|neighbourhood
1|neighborhood
1|negotiating
1|negotiate
1|needa
1|nee
1|necessary
1|neat
1|nearby
1|nc6320
1|navy
1|navigating
1|nature
1|natulog
1|natives
1|native
1|nationwide
1|nation
1|nathan
1|natawid
1|natapos
1|nasira
1|nashville
1|naree's
1|narcissism
1|napping
1|nans
1|nanni
1|nangyari
1|nandyan
1|naku
1|nakahuli
1|nail
1|nahahawa
1|nah
1|naging
1|nageenejoy
1|nagbabasa
1|nag-starbucks
1|nag-sims
1|nag-kwentuhan
1|nag-away
1|nadia
1|naayos
1|na'to
1|mÃ
1|mystery
1|myspace
1|myriad
1|my'i
1|muuuuuuuch
1|mute
1|musuems
1|muster
1|mustang
1|musicLove
1|mushrooms
1|museum
1|muscat
1|murders
1|murderer
1|murdered
1|muna
1|mummies
1|mum
1|multitude
1|mukha
1|muchh
1|muahahaahahah
1|muCHO
1|msg
1|mroe
1|mr
1|mpv
1|mph
1|mpg
1|mp3s
1|mouthy
1|mouthed
1|mountain-which
1|motorcycles
1|moto
1|motivational
1|mothers
1|motherfuckers
1|motherboard
1|moronic
1|mormon
1|morfologÃ
1|moralistic
1|mooncake
1|moon
1|moods
1|monthly
1|month-and
1|montera
1|monster-truck
1|monster
1|mongering
1|monde
1|monEy
1|mon
1|mom's
1|molecules
1|moives
1|modified
1|modest
1|mocking
1|mobster
1|mo'details
1|mixer
1|mixed-up
1|mixed
1|mix
1|mit's
1|misty
1|mistake
1|missives
1|misread
1|misfortune
1|misappropriated
1|mir
1|minor
1|mini-series
1|mini-me
1|minds
1|mindless
1|minded
1|min'upo'your
1|mimiced
1|military
1|mildly
1|mike's
1|mike
1|mightily
1|miffy
1|midnless
1|midnight
1|mic
1|mi
1|mg
1|mexico
1|mexican
1|metres
1|metallic
1|messy
1|merch
1|merccy
1|mentor
1|mentioning
1|memorial
1|memo-I
1|meme
1|meisten
1|megaphones
1|meganpenworthy
1|meetings
1|meee
1|meds
1|meditative
1|mediocre
1|medieval
1|medical
1|med
1|mechanical
1|mechanic's
1|meat-head
1|meat
1|measures
1|measure
1|meantime
1|meant
1|meanings
1|meaning
1|meanie
1|meal
1|me2
1|mayun
1|mayer
1|maximum
1|matutulog
1|matters
1|matt
1|matrix
1|matchup
1|matched
1|match
1|masterKArd
1|mass
1|mason
1|marsha
1|marry
1|married
1|markets
1|marketing
1|marilyn
1|marian
1|marching
1|manufacturer
1|mantener
1|mans
1|mania
1|mani
1|mango
1|mange
1|manga
1|mang
1|mandarin
1|manchester
1|managing
1|mammals
1|mami
1|malibu
1|malaysia
1|makers
1|maker
1|majority
1|mail
1|mahal
1|magnificient
1|magnificent
1|magnets
1|maglev
1|magkikikilos
1|magic
1|magestic
1|magazines
1|madonna
1|madly
1|madddd
1|macintosh
1|machines
1|macgyver
1|macbookpro
1|macbook'fund
1|maany
1|mIT
1|m710
1|lyrics
1|lynn
1|lyk
1|luxury
1|lulling
1|luckki
1|lu
1|loyalty
1|low-key
1|lovley
1|lovin
1|lover
1|loudest
1|lotus
1|loses
1|loser
1|lore
1|looser
1|looove
1|looooooooove
1|loooooooooooove
1|lookimg
1|long-distance
1|lone
1|london-pure
1|login
1|logically
1|logic
1|lock
1|location
1|locals
1|loathed
1|loans
1|load
1|lng-their
1|lng
1|lllooootttttt
1|lllooootttt
1|ll
1|lke
1|literature
1|listing
1|listens
1|listened
1|linked
1|lineups
1|lined
1|lin
1|limits
1|lilPunk's
1|lights
1|lifetback
1|life-size
1|lied
1|licenses
1|license
1|librarians
1|liberals
1|libarian
1|lexus
1|lexan
1|levitate
1|lessons
1|leopard
1|lennon's
1|lends
1|lektier
1|leider
1|legislative
1|legacy
1|leg
1|lefty
1|leech
1|lecturers
1|leaven
1|leasign
1|league
1|leads
1|leading
1|leadership
1|leaders
1|le
1|laying
1|lawyers
1|lawers
1|lav
1|laughs
1|laughing
1|latter
1|lastest
1|larva
1|larger
1|laptop-the
1|lapse
1|lappies
1|landing
1|lamest
1|lambasted
1|lama's
1|lakes
1|laden
1|labs
1|kyo
1|kung
1|kuda
1|krew
1|kpool
1|korean
1|kool
1|komm
1|koi
1|knowledgeable
1|knock-off
1|knight
1|kmi
1|kme
1|klasse
1|kite
1|kit
1|kissed
1|kingdom
1|king
1|kindaergaten
1|kilos
1|kidman
1|kidding
1|ki
1|keychains
1|kevinn
1|kepts
1|kendall
1|kelly
1|keine
1|keeping
1|kc
1|kayla
1|kayaknya
1|kaya
1|katie's
1|kanye
1|kalye
1|kaka
1|k-fed
1|k
1|juz
1|justine
1|justin
1|justice
1|jus
1|jumping
1|jump
1|julie
1|judging
1|judgement
1|judge
1|joyride
1|journey
1|journalist
1|josie
1|jon
1|jolie-only'cause
1|jolie's
1|joiners
1|joan
1|jetzt
1|jetta
1|jetlagged
1|jet
1|jesss-ik-aaa
1|jersey
1|jerry
1|jerks
1|jenny
1|jenn
1|jem
1|jeg
1|jeans
1|jealousy
1|jealous
1|japanese
1|jake
1|jail
1|jackson
1|jackhole
1|iwent
1|iv
1|itÃ
1|itz
1|it'd
1|isn
1|islands
1|island
1|isay
1|irresistible
1|irks
1|irk
1|iritation
1|irish
1|iraq
1|ipod
1|ioerror
1|invited
1|invitation
1|invisible
1|invisibility
1|investment
1|investigation
1|invented
1|invalid
1|introduced
1|intrigued
1|intimidating
1|internal
1|intern
1|interior
1|interests
1|interceptor
1|intensely
1|intelligence
1|insures
1|insurers
1|insuranse
1|insults
1|instructors
1|institution
1|institute
1|instantly
1|inspired
1|inspiration
1|inspector
1|insecure
1|inpersonation
1|innovation
1|inning
1|ink
1|injury
1|ini
1|inhumanly
1|inherently
1|ingested
1|informed
1|info-GEICO
1|influential
1|influence
1|inflight
1|infinitely
1|infiltrating
1|infiltrate
1|infatuation
1|inevitably
1|ineffective
1|indurance
1|indoctrinate
1|indigo
1|indicative
1|indicating
1|independent
1|indeed
1|incuranse
1|incredibli
1|increasing
1|increase
1|incorrectly
1|incompetence
1|include
1|inclined
1|incidentally
1|incarceration
1|in-woman
1|in-flight
1|in-depth
1|in'Beowulf
1|improper
1|importantly
1|implied
1|implemented
1|impersonality
1|impact
1|imbicile
1|imbibe
1|image
1|illustrates
1|illegally
1|illegal
1|ike
1|ikaw
1|iight
1|ihn
1|ignoring
1|ignorance
1|idle
1|idiotic
1|identify
1|id
1|icepick
1|ibooks
1|ibon
1|ib
1|hyundai's
1|hysterical
1|hypocritical
1|hypertext
1|hyper
1|hyped
1|hype
1|hydrant
1|hybrids
1|hyatt
1|hy
1|husband-umm-this
1|hurricane
1|hurled
1|hundred
1|humÃ
1|humorous
1|human-_-oh
1|huhuhuhu
1|huh
1|hugh
1|hugged
1|http://www.citifmonline.com
1|html
1|hte
1|hrs
1|hrlhhjlbngfb
1|howdy
1|howard
1|hovede
1|hottt
1|hotpants
1|hotels.com
1|hotels
1|hosting
1|hostage
1|hospitals
1|hose
1|horses
1|horridly
1|horrid
1|horizons
1|hopeless
1|hooray
1|hooker
1|hook
1|hoobastank
1|honk
1|hongkong
1|honey
1|honest-to-god
1|homosexuals
1|homophobic
1|homophobes
1|homewrecker
1|homemede
1|homemade
1|homecoming
1|hollywoord
1|hogwash
1|hoffman
1|ho-bag
1|hittin
1|history-even
1|hired
1|hipster
1|hippies
1|hindsight
1|hindi
1|him'I
1|hilton-ugly
1|highways
1|highest
1|higher
1|hier
1|hidy
1|hideous
1|hid
1|hiccups
1|hhaaha
1|heures
1|heteronormativity
1|hertiage
1|herself
1|heresies
1|helt
1|helpful
1|helper
1|help'company
1|helluva
1|hello
1|hele
1|height
1|hehe
1|heels
1|heel
1|hebrew
1|heavier
1|heated
1|hearts
1|heartbreaking
1|heartbraking
1|hearing
1|healthy
1|headline'MacBook
1|heading
1|he'd
1|haye
1|hawwww
1|having'excessive
1|haveeee
1|have-I
1|haunted
1|hauled
1|hated'The
1|hasnt
1|hashjointathon
1|harsh
1|hardy
1|hardship
1|harddrive
1|har
1|happt
1|happiness
1|hapon
1|hanks
1|hank
1|hanggang
1|hang
1|handling
1|handle
1|handed
1|hammy
1|halt
1|halls
1|halle
1|hall
1|halbe
1|hairy
1|haircut
1|hair's
1|hai-aaa-iiir
1|hahash
1|hahahahahaha
1|hahahahaha
1|hah
1|hafta
1|haf
1|haerd
1|hadn't
1|hada
1|hacks
1|hackey-sackers
1|hacer
1|hab
1|ha
1|hA
1|gut
1|gushed
1|gun
1|gulat
1|guitar
1|guests
1|guards
1|guan
1|gti
1|grunted
1|grunge
1|grudgingly
1|grubbing
1|grrrr
1|growing
1|groupz
1|groups
1|ground
1|grips
1|grin
1|grim
1|grew
1|greeted
1|greatest
1|greater-Seattle
1|greater
1|graves-FANTASTIC
1|grave
1|grata
1|grassy
1|grass
1|grandma
1|graft
1|graduates
1|grading
1|gradated
1|gracious
1|grace
1|grabe
1|governor
1|goth
1|gossip
1|google
1|golly
1|goina
1|goddess
1|godddd
1|god-awful-Jon-WILL-move-from-the-country-to-ensure-his-freedom
1|goat
1|goals
1|gnun
1|gm
1|glorious
1|glitz
1|glitch
1|glean
1|glass-breaking
1|glass
1|glam
1|girly
1|girlies
1|girlfriend
1|girl's
1|gion
1|giggling'is
1|gifts
1|ghost
1|ghjkhltr
1|gettting
1|gesture
1|germany
1|germans
1|gequatscht
1|georgia
1|geometry
1|geography
1|genuine
1|gentleness
1|gentleman
1|genres
1|genre
1|generation
1|generated
1|generate
1|generalized
1|gender-neutral
1|gemeint
1|gekko
1|geico's
1|gei
1|geezers
1|geeze
1|geees
1|gecko's
1|gearbox
1|gays
1|gayer
1|gay-scientologist-mission
1|gay-friendly
1|gaurdian
1|gathered
1|gather
1|gass
1|gasp
1|garrison
1|garages
1|ganja
1|galt
1|gallon
1|gallery
1|gaity
1|gained
1|gag
1|gadgets
1|furnitures
1|furious'car
1|funnyXDXDXDXD
1|funnier
1|funner
1|funk
1|funds
1|fundraiser
1|functionary
1|function
1|fumes
1|full-on
1|fuhreaking
1|fuel-efficient
1|fue
1|fudan
1|fuckin'keep
1|ftigte
1|frustrates
1|frum
1|fruity
1|fruitful
1|frost
1|frog
1|frm
1|frivolous
1|frikking
1|friggin'love
1|friendship
1|friendliest
1|friendlier
1|frickin
1|freshly
1|frequently
1|frequency
1|frenzied
1|freaks
1|freakn'stereos
1|freakin'pussies
1|freak
1|freagin'love
1|fraudulent
1|fraud
1|frat
1|frankly
1|frankenstein
1|frank
1|frangipani's
1|francisco's
1|france
1|frakking
1|fragile
1|foxtrot
1|fortunate
1|fortress
1|forse
1|formidable
1|formative
1|formation
1|format
1|formal
1|forgiven
1|forget
1|foremost
1|foreigners
1|forced
1|forbid
1|footing
1|footed
1|footbal
1|fools
1|font
1|folows
1|followed
1|follow
1|folk
1|fog
1|focused
1|fob's
1|fob
1|flyover
1|flyer
1|flustered
1|flunk
1|flu
1|flown
1|floppy
1|floored
1|floor
1|flites
1|flight's
1|flier
1|fleet
1|flaunting
1|flash
1|fizzle
1|fixes
1|fitting
1|fits
1|fishing
1|firmly
1|firm
1|firewall
1|fires
1|finshed
1|fingertips
1|fingerprint
1|fines
1|financing
1|financial
1|finances
1|finals-the
1|finale
1|filter
1|filing
1|file
1|figurative
1|fifth
1|fifteen
1|fiber
1|festivities
1|fer
1|fender
1|female
1|fellowship
1|feelin'is
1|feelin
1|fee-free
1|federal
1|fed
1|feckin
1|featured
1|feature
1|feast
1|fears
1|fdssssss
1|fds
1|fcuk
1|favorites
1|faveroit
1|fate-a
1|fatalism
1|fatal
1|faster
1|fashioned
1|fascination
1|farty
1|fart
1|farmer
1|fares
1|farce
1|faraway
1|fantasy
1|fanning
1|fanb
1|falls
1|fallout
1|fallon
1|falling
1|fakers
1|faked
1|fake-umentary
1|fake-sick-note
1|fake-ass
1|faith
1|fairs
1|failures
1|fail-message
1|fail
1|fads
1|fade
1|factors
1|facing
1|facile
1|fabricated
1|fabled
1|f
1|extremists
1|extracurricular
1|extent
1|extending
1|extend
1|exteeeeeeeend
1|exposing
1|exponentially
1|expo
1|explosions
1|exploring
1|explore
1|exploitation
1|explicitly
1|explanations
1|explains
1|explained
1|explaination
1|experiencing
1|experiences
1|existed
1|exist
1|exhibition
1|exhausting
1|exercise
1|exemplary
1|exelent
1|execution
1|excursion
1|excrrement
1|excitment
1|exchange
1|excersizing
1|excerpt
1|excercise
1|exception
1|excel
1|excatly
1|examples
1|examiner
1|exam
1|exaggeration
1|ex-employee
1|ex-boxer
1|ex-President
1|evil-doer
1|evidence
1|everywerr
1|everytime
1|everyone's
1|everybody's
1|everrt
1|eventual
1|evaluated
1|et
1|esthetically
1|esther
1|established
1|estaba
1|esspecialy
1|essence
1|essays
1|espok's
1|especically
1|escapes
1|escapade
1|erasers
1|eraser
1|era
1|equivocally
1|equivalent
1|equinox
1|epic
1|environmentally
1|environmental
1|entitled
1|enthusiasts
1|enthusiastic
1|entering
1|entered
1|entails
1|entailed
1|ensuring
1|enlightened
1|enjoys
1|enjoyment
1|enhance
1|engines
1|engineered-to-be-kid-friendly
1|engineer
1|enfant
1|energize
1|endulge
1|endorse
1|endlich
1|encourage
1|enabled
1|emulating
1|emptiness
1|employer
1|employees
1|employee
1|employed
1|emphasis
1|empezare
1|emotes
1|eminent
1|emerged
1|emerge
1|embodiment
1|emails
1|emailed
1|em
1|elsewhere
1|ellen
1|elite
1|elimination
1|elicited
1|elephant
1|elegant
1|electronics
1|electronic
1|election's
1|election
1|elected
1|elect
1|einem
1|eignsulanc
1|eighth
1|eight
1|effort
1|effing
1|effective
1|eek
1|edmondson
1|editorial
1|editing
1|edged
1|ecology
1|echt
1|echoes
1|echo
1|ecclesiastical
1|ebay
1|easiest
1|earning
1|earliy
1|e-mail
1|dynamics
1|dynamic
1|dyed
1|dwayne
1|dvds
1|dv9000t
1|dv6100
1|dv6000z
1|dv6000
1|dv
1|dust
1|durno
1|durable
1|duper
1|dunn
1|dumpy
1|dumps
1|dumplings
1|dummies
1|dumbest
1|dumber
1|duly
1|dude's
1|dubya's
1|dubious
1|du
1|drunkenness
1|drunken
1|drunk-Stupid
1|drunk
1|drumming
1|drowining
1|drops
1|drop
1|drooling
1|drizzle
1|driver's
1|dressed
1|dreaming
1|dreading
1|drawn
1|drawing
1|drank
1|dramatic
1|drain
1|dragons
1|draconian
1|downtown
1|downt
1|downright
1|doubles
1|doses
1|dose
1|dorms
1|donÃ
1|donated
1|dome
1|domain
1|dollar
1|doll
1|doin
1|doheney
1|dogfucking
1|doesn
1|dodgers
1|docked
1|dock
1|doc
1|dk
1|djjeffyen
1|divisive
1|division
1|diversity
1|disturbing
1|distasteful
1|dissatisfied
1|disruption
1|displacing
1|disney
1|dismissed
1|dismembered
1|disk
1|disingenuous
1|dishonest
1|dish
1|disgusting
1|disguise
1|discussing
1|discussed
1|discuss
1|discriminatory
1|discrepancy
1|discovered
1|discover
1|disco
1|disaster
1|disappointments
1|disappoint
1|disapoint
1|disagrees
1|disagree
1|directed
1|dion
1|dinning
1|ding
1|din
1|dim
1|diligent
1|dignity
1|digging
1|diffrent
1|differentiation
1|differ
1|diamond
1|dia
1|device
1|developed
1|develop
1|devastate
1|devalued
1|detras
1|determines
1|determine
1|destroyed
1|desperate
1|desk
1|designed
1|description
1|describe
1|descent
1|des
1|derweise
1|derniÃ
1|derbys
1|deranged
1|depth
1|depression
1|depending
1|depend
1|dents
1|denton
1|dental
1|dent
1|denounce
1|demotivating
1|demonstrations
1|democratic
1|dementors
1|demeantor
1|demasiado
1|deluded
1|dels
1|delivering
1|delivered
1|deliver
1|delays
1|degree
1|defintiely
1|definetly
1|definatley
1|defending
1|defeating
1|default-houston
1|defamation
1|deemed
1|deduction
1|deductible
1|dedication
1|decomposing
1|declaring
1|declares
1|declared
1|declare
1|deck
1|decides
1|decaying
1|decadence
1|debates
1|dearly
1|dealership-as
1|dealers
1|deadlines
1|de-atomize
1|dazy
1|days-I
1|daySaturday
1|day-tripper
1|david's
1|david
1|dave
1|daughter
1|dating
1|dat
1|dashed
1|dart
1|darkness
1|dark
1|darauf
1|danielle
1|dandoles
1|dancing-wise
1|dances
1|danach
1|damon
1|damned
1|damage
1|dakota
1|daily
1|dagny
1|cynical
1|cylinders
1|cutt
1|customizing
1|cussler
1|cus
1|cursed
1|cups
1|cum
1|culture's
1|cucumber
1|crv
1|crushed
1|crush
1|crusade
1|cruising
1|cruelty
1|crowded
1|cross-town
1|criticizers
1|criticized
1|critical
1|cringing
1|criminals
1|cricket
1|creeps
1|creatures
1|creators
1|creative
1|creation
1|created
1|cream
1|crazyness
1|crappy-ness
1|crapped
1|cranberry
1|crafted
1|crackpots
1|cow
1|covers
1|covering
1|courses
1|course-Santa
1|courageous
1|coupon
1|coupe
1|county
1|counting
1|counterproductive
1|couldn
1|costco
1|cost-cutting
1|cosmetics
1|cosmetic
1|cory
1|corrupting
1|corrupt
1|corrolla
1|correspondence
1|corollas
1|cords
1|copy
1|copied
1|cop
1|coooool
1|coolant
1|cookoo
1|convoy
1|convo
1|convincing
1|conversion
1|conversations
1|conversation
1|controversial
1|control
1|contributions
1|contract
1|continum
1|continuing
1|continued
1|continental
1|contestants
1|contented
1|contemporary
1|contemplate
1|contacted
1|consumers
1|consumed
1|construction
1|constituency
1|constellations
1|conspirators
1|conspiracy
1|consolidation
1|console
1|consisted
1|conservatives
1|conservative
1|connoisseur-and
1|connie
1|connexion
1|connects
1|connections
1|connection
1|connecting
1|confused
1|confirmed
1|confident
1|confess
1|conditions
1|condemnation
1|condemn
1|condeming
1|concrete
1|concocted
1|concluded
1|concieved
1|concepts
1|concept
1|concentration
1|concentrated
1|conceived
1|computing
1|comprehensive
1|comprehend
1|complicated
1|complexity
1|completing
1|complaints
1|competitive
1|compensation
1|compensating
1|compassion
1|comparsions
1|comparrison
1|comparitively
1|compare
1|compagnie
1|como
1|communications
1|commitment
1|commericials
1|commerical
1|commercials-since
1|commentators
1|comercials
1|comedy
1|comedian
1|combonation
1|column
1|colt
1|colours
1|coloured
1|colour
1|colored
1|collector
1|collect
1|colin
1|coldstone
1|coherent
1|codes
1|code-other
1|coached
1|co
1|cna't
1|clunker
1|clumsy
1|clue
1|clucking
1|clubbin
1|clothing
1|clothed
1|closing
1|closer
1|clogged
1|cloak
1|clive
1|clit
1|clipps
1|climb
1|cliff
1|clickfive
1|clichÃ
1|cliche's
1|cliche
1|cleverest
1|clean-up
1|classroom
1|clarkson's
1|claims
1|claiming
1|ck's
1|civilized
1|civil
1|city-like
1|city-Boston
1|citizenship
1|cited
1|cite
1|circumstances
1|circulated
1|cinematic
1|cinema
1|cigarettes
1|cig
1|chunnel
1|chuck
1|chronological
1|christmas
1|christina
1|chris's
1|chose
1|chopped
1|chocula
1|chocolate
1|chock
1|chit-chat
1|chips
1|chipped
1|chip
1|china
1|chillen
1|childishly
1|chika
1|chickens
1|chick
1|chicago-yes
1|chez
1|chessboard
1|chemmm
1|chem
1|cheesy
1|cheesefest
1|cheese
1|cheerful
1|checkup
1|checking
1|check-in
1|cheat
1|cheaper
1|cheapened
1|chavs
1|chassis
1|chartered
1|charms
1|charm
1|charles
1|charges
1|chargers
1|characterization
1|chapel
1|chantet
1|chant
1|channel
1|changes
1|chances
1|championships
1|champions
1|champion
1|challenge
1|chair
1|cha
1|cert
1|cerca
1|century
1|centres
1|centimeter
1|census
1|censor
1|celine
1|celebrity
1|celebration
1|cease
1|causes
1|cats
1|category
1|catching
1|catchin
1|catchers
1|castle
1|caspa
1|casing
1|cashier
1|cartoons
1|carriers
1|carola
1|caring
1|carefreeness
1|cared
1|cardboard
1|car-CAPITAL
1|car'but
1|captain
1|canyons
1|candidates
1|cancel
1|cams
1|camrys
1|camper
1|campaigns
1|camery
1|cambria
1|cam
1|calm
1|called'Harry
1|californian
1|caliber
1|cali
1|calculations
1|calculating
1|calculated
1|cakes
1|cake
1|cadc
1|cadbury
1|cabs
1|cabeza
1|byu
1|buzzer-beaters
1|butter
1|buti
1|butcher
1|businessmen
1|burt
1|burned
1|bump
1|bullpen
1|bulletin
1|bulldozer
1|bulky
1|bulding
1|bukas
1|built-in
1|built
1|bugs
1|bucks
1|bruising
1|brownstone
1|brown
1|bros
1|broom
1|brooktree
1|brokeass
1|brogue
1|bro's
1|brittle
1|brightest
1|bright
1|briefly
1|brief
1|bridal
1|bricked
1|brian
1|brett
1|breathtaking
1|breaks
1|breaking_news
1|breakfast
1|breaker
1|breakdown
1|breached
1|brave
1|brandon
1|brand-used
1|brainstorm
1|boycotting
1|boycotted
1|boxy
1|bows
1|bowl
1|bout
1|boundries
1|bounce
1|bottom
1|bottles
1|boston's
1|bosses
1|bored
1|bore
1|borders
1|borderline
1|bopping
1|bootlegged
1|booooring
1|bookstore
1|books-not
1|bookings
1|booked
1|book'da
1|bonfires
1|bonding
1|bond
1|bombings
1|bolsters
1|boilermaker
1|bobby
1|boats
1|boat
1|boasts
1|boarding
1|bnought
1|bnot
1|bmw
1|blÃ
1|blows-didn't
1|blown
1|blow
1|bloomingdales
1|blond
1|blogging
1|blocks
1|blocking
1|block
1|blind
1|blast
1|blasphying
1|blashpemies
1|blanks
1|blamed
1|bizarre
1|bits
1|bitchness
1|bisexual
1|bis
1|billion
1|billboard
1|bikes
1|bike-friendly
1|biggie
1|bigger
1|big-time
1|biblio
1|bias
1|bgfgtrjkl
1|beziehen
1|betting
1|bethel
1|besser
1|beside
1|beschÃ
1|berkeley
1|benefit
1|bend
1|belly
1|belltowers
1|believably
1|beige
1|behavior
1|begun
1|beg
1|before-I
1|befor
1|befcouase
1|beer-studded
1|beeltes
1|beef
1|beeeeet
1|bedruckt
1|becoz
1|beats
1|beaten
1|beast
1|beaches
1|be'fast
1|bcreek
1|bc
1|bball
1|batts
1|battered
1|bathrooms
1|bathing
1|bat
1|basis
1|basic
1|bashed
1|barry
1|barney's
1|bargain
1|barbie
1|banks
1|bankers
1|banged
1|bang
1|bands
1|bandana
1|baltimore
1|ballroom
1|ballet-friendly
1|balance
1|bakabakabakabaka
1|baggin
1|baggage
1|bag
1|badness
1|backyard
1|backward
1|backup
1|backtory
1|backed
1|backdrop
1|bachelors
1|bacharach
1|babe
1|ba
1|b4
1|azz
1|azerbaijan
1|ayun
1|ay
1|axes
1|awww
1|awesome-husband
1|awesome-good
1|awesome-est
1|awesome-but
1|awe
1|awaiting
1|aveo
1|avant
1|automobile
1|automatically
1|automatic-wossit
1|automated
1|automall
1|auti
1|authorized
1|authentic
1|australian
1|aunt's
1|augustus
1|august
1|aug
1|attraction
1|attest
1|attention
1|attending
1|attendants
1|attempts
1|attempted
1|attacks
1|attack
1|attached
1|atmosphere
1|atleast
1|astronomy
1|astonishingly
1|assume
1|association
1|associate
1|assocation
1|assists
1|assist
1|assimilation
1|asses
1|assed
1|assassinated
1|aspect
1|asi
1|ashy
1|ashame
1|asc
1|artwork
1|arse
1|arrives
1|arrive
1|aroun
1|arm
1|aristocratic
1|arguments
1|arguement
1|argh
1|arenas
1|ard
1|archive
1|architectural
1|architect
1|aquel
1|approved
1|approach
1|applicants
1|apple.com/store
1|appears
1|appearance
1|appear
1|appeals
1|appeal
1|app
1|apologized
1|apologize
1|aplicaciones
1|apeshit
1|ape-shit
1|anywayz
1|anywayyyyyyy
1|anyhow
1|anus
1|antonio-but
1|antique
1|antics
1|anticlimax
1|anti-theft
1|anointed
1|announcers
1|annouced
1|annnnd
1|annnd
1|aniwae
1|animals
1|angrier
1|angels
1|anderson
1|anax
1|analytics
1|analysis
1|analogy
1|amuses
1|amour
1|ambassador
1|amazes
1|amateur
1|ama
1|alwayzzzzz
1|alums
1|altogether
1|alternator
1|allregion
1|allows
1|alllll
1|allll
1|alll
1|allen
1|allegory
1|allegedly
1|alleged
1|alle
1|allcouty
1|alive-oh
1|alitalia
1|alike
1|alfred
1|alarm
1|alam
1|alabama
1|al
1|akong
1|aking
1|airports
1|airlines-yuck
1|airline-Northwest
1|ain't
1|aiiii
1|ahhh
1|ahh
1|ahahahaha
1|ahahah
1|ahHAHA
1|agreement
1|agreeing
1|agile
1|agian
1|agenda
1|aged
1|afterwards
1|afterschool
1|afterlife
1|affectionately
1|affected
1|aesthetic
1|aeons
1|advocate
1|advisor
1|advertisements
1|adversity
1|adventures
1|advantage
1|advanced
1|adulthood
1|adulterer
1|adult
1|adored
1|admittedly
1|admits
1|admirable
1|administration
1|additional
1|addicts
1|adapter
1|adaptation
1|adam
1|ada
1|actresses
1|activities
1|activism
1|actions
1|acquired
1|acoustic
1|acknowledge
1|acheive
1|ache
1|accredited
1|accomplishment
1|accidently
1|accessory
1|accessories
1|accepting
1|acceptance
1|accept
1|accents
1|academy
1|academic
1|ac
1|abysmal
1|abuse
1|abundance
1|absurb
1|absoultely
1|abomination
1|abnormally
1|abiertas
1|abiding
1|abhorred
1|abhor
1|abbreviated
1|aaa-juuuhhnz
1|a'dream
1|`
1|]:
1|Zipcar
1|Z
1|Yumi
1|Youre
1|You've
1|You'll
1|York's
1|Yglesias
1|Year
1|Yea
1|Yay
1|Yamaha
1|Yahoo
1|Ya
1|YUH
1|YORK
1|YELL
1|XxxxxXx
1|Xiaolan
1|Xi'an
1|XT130
1|XLG
1|XDXDXDXahahhahhahahahhaa
1|XANGA
1|X60
1|X5
1|X3
1|X24
1|X1400
1|Wrong
1|Would
1|Worlds
1|World'is
1|Workshop
1|Word
1|Wooo
1|Woodstock
1|Woo's
1|Women
1|Woman
1|Wochenende
1|Without
1|Wish
1|Wisconsin's
1|Winslet's
1|Winslet
1|Wings
1|William
1|Wiles
1|Wiccans
1|Wicca
1|Whoress
1|Wholesome
1|Wholeheartedly
1|Whole
1|Who's
1|Whitey
1|White
1|Whipping
1|Whidbey
1|Whereas
1|Westfield
1|Westfalia
1|Wert
1|Werkstattberichten
1|Were
1|Wei
1|Weekly
1|Wednesday
1|Weblogs
1|Webb
1|Web
1|Weather
1|We're
1|Wayne
1|Wax
1|Waterworld
1|Watching
1|Watch
1|Warrior
1|Warfield
1|Walker
1|Waived
1|Wahlberg
1|WWW
1|WSU
1|WOW
1|WOULD
1|WOO
1|WONDERFUL
1|WOMAN
1|WITHOUT
1|WINKIES
1|WIHS
1|WICKED
1|WHY
1|WHACK-BOGUS
1|WEINERS
1|WEDDING
1|WB's
1|WAY
1|WATCH
1|WANNA
1|WAIT
1|WAAAAAAAAAAAAAAAAAAAAAAAAAAAAAAAAAAAAAAAAAAAAAAAAAAAAAAAAAAAAAAAAAAAAAAAAAAAAAAAAAAAAAAAAAAAAAAAAAAAAAAAAAAAAAAAAAAAAAAAAAAAAAAAAAAAAAAAAAAAAAAAAAAAAAAAAAAAAAAAAAAAAAAAAAAAAAAAAAAAAAAAAAAAAAAAAAAAAAAAAAAAAAAAAAAAAAAAAAAAAAAAAAAAAAAAAAAAAAAAAAAAAAAAAAAAAAAAAAAAYYYYYYYYYYYYYYYYYYYYYYYYYYYYYYYYYYYYYYYYYYYYYYYYYYYYYYYYYYYYYYYYYYYYYYYYYYYYYYYYYYYYYYYYYYYYYYYYYYYYYYYYYYYYYYYYYYYYYYYYYYYYYYYYYYYYYYYYYYYYYYYYYYYYYYYYYYYYYYYYYYYYYYYYYYYYYYYYYYYYYYYYYYYYYYYYYYYYYYYYYYYYYYYYYYYYYYYYYYYYYYYYYYYYYYYYYYYYYYYYYYYYYYYYYYYYYYYYYYYYYYYYYYYYYYYYYYYYYYYYYYYYYYYYYYYYYYYYYYYYYYYYYYYYYYYYYYYYYYYYYYYYYYYYYYYYYYYYYYYYYYYYYYYYYYYYYY
1|WAAAAAAAAAAAAAAAAAAAAAAAAAAAAAAAAAAAAAAAAAAAAAAAAAAAAAAAAAAAAA
1|WA
1|W113
1|Vosloo
1|Vonex
1|Volvo
1|Volkswagen's
1|Voila
1|Viva
1|Vitrue
1|Vito-being-gay
1|Virgo
1|Video-Nothing
1|Vic's
1|Viagra
1|Veyron
1|Vesuvius
1|Veil
1|Veggie
1|Vedra
1|Vatican
1|Vancouver
1|Valley
1|Val's
1|Vacation
1|VW's
1|VULGAR
1|VR6
1|VInci
1|VICTROLA
1|VH1
1|VGNSZ
1|VGN-TX
1|VERONICA
1|VCR
1|VANAGONS
1|VALUES
1|V6
1|Using
1|User
1|Useless
1|Use
1|Urbana
1|Urban
1|Universities
1|Unified
1|Unicom
1|Uni
1|Unfortunatly
1|Unfortunate
1|Underground's
1|Underground
1|Um
1|Ugly
1|Ugh
1|Udon
1|Ucla
1|USED
1|US-Japanese
1|URARO
1|UR
1|UPI
1|UNICORNS
1|UND
1|UNC
1|UN-First
1|UN
1|UMass
1|UMD
1|UM
1|UK
1|UHHHH
1|UGHH
1|UCSD
1|UCSB's
1|UCR
1|UCLA-but
1|UCLA-Oregon
1|UCI
1|UCB
1|Tyson
1|Twin
1|Twilight
1|Tustin
1|Tusk
1|Turned
1|Turkestan
1|Turd
1|Tull
1|Tucson
1|Truth
1|Trust
1|Trump
1|Truly
1|Trulli
1|Troy
1|Troupe
1|Trophy
1|Trivia
1|Trip
1|TribStar.com
1|Triad
1|Travelmate
1|Travel
1|Trate
1|Transtic
1|Transportation-use
1|Transportation
1|Transport
1|Transit
1|Transamerica
1|TrackPoint
1|Toyotas
1|Toyota-tuned
1|Toyota-sans-AC
1|Toyota'movement
1|Towers
1|Towel
1|Tough
1|Touch
1|Touareg
1|Toronto
1|Top-Blogs
1|Tonegawa's
1|Tomkat
1|Tomb
1|Told
1|ToM
1|Titus
1|Titanic
1|Tinkerbell
1|Timberlake
1|Tim
1|Ticketmaster.com
1|Thunderbird
1|Thoru
1|Thompson
1|Third
1|Thinkpad's
1|Think
1|Theron
1|Theft
1|Theatan
1|Thankfully
1|Texans
1|Terrorism
1|Terre
1|Teri
1|Tercel
1|Temple
1|Tell
1|Telecom
1|Tecra
1|Team
1|Tdi
1|Taylor
1|Taxi
1|Target
1|Tapos
1|Tang
1|Talus
1|Take
1|Taiwan
1|Taco
1|TYPE
1|TX
1|TURBOS
1|TT
1|TRIP
1|TRECE
1|TRAIN
1|TOYOTA'S
1|TOY
1|TOO
1|TODOS
1|TKH
1|TKD
1|TIP
1|TICKET
1|THURS
1|THOUGHT
1|THINKING
1|THINGS
1|THERE
1|THERAPY
1|THEN
1|THEME
1|THEM
1|THEFT
1|THAN
1|TEXAS
1|TERRIFIC
1|TELL
1|TDI
1|TBS's
1|TAN
1|TADAH
1|T43
1|T41
1|T100
1|T-shirt
1|T-series
1|T-MOBILE
1|System
1|Symphony
1|Symphonies
1|Symbology
1|Symantec
1|SwissAir
1|Sweet
1|Swedish
1|Sweater
1|Suzhou
1|Susan
1|Suri
1|Supposedly
1|Supposed
1|Supervisors
1|Superman
1|Superbowl
1|Superbeetle
1|Super-cool
1|Super-Bowl-loser-to-not-making-the-playoffs
1|Super
1|Suns
1|Suncoast
1|Sun
1|Suites
1|Suffice
1|Suffering
1|Sue-ism
1|Suck-O-Meter
1|Such
1|Styx
1|Studies
1|Students
1|Strom
1|Streisand
1|Streep
1|Strangely
1|Stormare
1|Stopped
1|Stites
1|Stitch
1|Stewart
1|Steelers
1|Station
1|Starve
1|Starting
1|Starter
1|Starion
1|Starfire
1|Starbucks
1|Starboardside
1|Star
1|Standford's
1|Standford
1|Stand
1|Staffeln
1|Spyders
1|Spyder
1|Spurs'last
1|Springs
1|Springer's
1|Spring
1|Spree
1|Sports
1|Spoof
1|Spoke
1|Spirit
1|Spider-The
1|Spice
1|Speedwagon
1|Spanish
1|Spain
1|Spade's
1|Sounds
1|Sophie
1|Sontag
1|Song
1|Somehow
1|Someday
1|Somebody
1|Soldiers
1|Solara
1|Soho
1|Society
1|Socially
1|Socialite
1|Socialists
1|Socialist
1|Soane's
1|So-so
1|Smoking-had
1|Slut
1|Sleepless
1|Skype
1|Sky
1|Sketching
1|Sinister
1|Sin
1|Simon
1|Silk
1|Sigh
1|Siennas
1|Sienna
1|Siberian
1|Showcasing
1|Short
1|Shipping
1|Shinra's
1|Shields'battle
1|Sheldron
1|Shaun
1|Shattered-Spine
1|Sharon's
1|Sharon
1|Shanghainese
1|Shanghai'ed
1|Shadeslayer
1|Sha
1|Service-Learning
1|Series-Delicious
1|Serial
1|Serena
1|Separation
1|Senator
1|Sen
1|Semi-Finals
1|Sella
1|Selfish
1|Self
1|Segolene
1|See
1|Sedan
1|Sectionals
1|Section
1|Secrets
1|Secretary
1|Second
1|Seattle's
1|Seahawk
1|Sea
1|Sculptural
1|Scruffy
1|Scrolls
1|Scott
1|Score-Brokeback
1|Scion
1|Scientist
1|Schumacher
1|Scene
1|Say
1|Sawyer
1|Saw
1|Saviour
1|Sat
1|Sandra
1|Same
1|Sam
1|Salmaan
1|Salma
1|Salinas
1|Salad
1|Sahil
1|Sadie
1|Sad
1|SZ
1|SYSTEM
1|SWEET
1|SWALLOW
1|SW
1|SUPERB
1|SUPER
1|SUMMON
1|SUITE
1|SUCH
1|STUPIDEST
1|STL
1|STINKS
1|STINK
1|SQUARE
1|SPURS
1|SPORT
1|SPENDING
1|SOUNDS
1|SOOOOOOO
1|SOOOOO
1|SOOOO
1|SOONER
1|SOON
1|SOMEONE
1|SOHO
1|SOB
1|SMALL
1|SLUT
1|SLEEPPP
1|SLAP
1|SKY
1|SINES
1|SIGHT
1|SHppl
1|SHS
1|SHOULD
1|SHOP
1|SHITTIEST
1|SHIT
1|SHISHEIDO
1|SH
1|SG
1|SFO
1|SF
1|SEEN
1|SDC
1|SC
1|SAY
1|SAS
1|SAKES
1|SAD
1|S4
1|S2000
1|Ryans
1|Ryan
1|Russotti
1|Rush
1|Runners
1|Runner
1|Runaway
1|Rude
1|Royal
1|Rowe
1|Rove
1|Rothman
1|Ross
1|Rosie
1|Roommates
1|Romney
1|Rolling
1|Rofls
1|Rod
1|Rockstar
1|Rockies
1|Rochester
1|Roberts
1|River
1|Ritchie
1|Ritalin
1|Ripper
1|Ring
1|Riding
1|Rider
1|Rickards
1|Rice
1|Rican
1|Rhys
1|Reving
1|Review
1|Returned
1|Return
1|Residential
1|Reservations
1|Rescue
1|Requim
1|Requiem
1|Repubulicans
1|Republicans
1|Republican
1|Representing
1|Repair
1|Rental
1|Rent
1|Relic
1|Reliant
1|Reichwingers
1|Region
1|Refinance
1|Referencing
1|Recovery
1|Record
1|Rebecca
1|Reagan
1|Read
1|Ray
1|Rather
1|Ranch
1|Ran
1|Ramadan
1|Ralf
1|Rainblow
1|Raider
1|Radcliffe
1|RY
1|RV
1|RULES
1|RUINING
1|RSX
1|RPS
1|ROMANTIC
1|ROCKETS
1|RIGHT
1|RICHIE
1|RETAIL
1|RESPONSE
1|REPUBLICAN
1|REPORT
1|REO
1|RENT
1|REF
1|RECOMMEND
1|REALLLLLLLY
1|RB38G
1|RAPtors
1|RAP
1|RAM
1|RALLY
1|RACHEL
1|R6
1|R32
1|Queer
1|Queens
1|Quebec
1|Quarterly
1|QUOTES
1|QB
1|Puting
1|Purchase
1|Publishing
1|Pt
1|Prozac
1|Pros
1|Proposal
1|Proof
1|Prometheus
1|Progressive
1|Programs
1|Program's
1|Program
1|Professor
1|Problemen
1|Princeton
1|Princess
1|Primus
1|Prime
1|Priceless
1|Price
1|Presentation
1|Pres
1|Preludes
1|Practically
1|Powered
1|Powerbook
1|Pound
1|Potterholic
1|Portuguese
1|Portland
1|Porsche
1|Popemobile
1|Ponte
1|Polish
1|Police
1|Podcast
1|Planning
1|PiÃƒ
1|Pit
1|Pirates
1|Pilot
1|Piazza
1|Photos
1|Phoenix
1|Philosopher's
1|Philly
1|Philip
1|Phil
1|PhiLllyyy
1|Ph
1|Perth
1|Perkins
1|Perfume
1|Per
1|Pepsi
1|Penney
1|Penn
1|Pelosi's
1|Pelosi
1|Pellicano
1|Pelican
1|Pegg
1|Pay
1|Patrick
1|Patirot
1|Path
1|Pastings
1|Passport
1|Party's
1|Party
1|Paris-Daker
1|Papa
1|Palermo
1|Pagoda
1|Pacers-Carlisle
1|PURCHASES
1|PS-Brokeback
1|PS
1|PROTON
1|PROMISE
1|PROBALY
1|PRO
1|PRINCESSES
1|PRESIDENT
1|PR
1|POS
1|POR
1|POLICIES
1|PLEASE
1|PLAYIN
1|PLANS
1|PISS
1|PERIOD
1|PERFECTO
1|PENS
1|PAY
1|PAP
1|PANIC
1|P3
1|P-plate
1|Ozone
1|Oval
1|Out
1|Otters
1|Other
1|Ossana-the
1|Osama
1|Orleans
1|Original
1|Oriental
1|Oreos
1|Optimus
1|Opportunes
1|Opponent
1|OotP
1|Ony
1|Online
1|One's
1|Omelet
1|Omar
1|Olympics
1|Olympic
1|Olsen
1|Olajuwon
1|Ok-I
1|Odyssey
1|October
1|Oceanwalk
1|Oceans
1|Ocean
1|Obnoxious
1|Oakland
1|Oak
1|OWN
1|OUTSIDE
1|OTP
1|OSU
1|OSIP
1|OPOSICION
1|ONLINE
1|ONES
1|ONE'S
1|OMEN
1|OLNINEEEEEEEEEEEEEE
1|OLD
1|OHMANJMANJMANJMANJMANJMNAJNDYUFSGDFG
1|OHIO
1|OFFENSIVE
1|ODonnell
1|OCC
1|OC
1|OBSCENE-George
1|OB
1|OA
1|O'Hare
1|Nowitzki's
1|Nowitzki
1|Notre
1|Note
1|Northeast
1|Norristown
1|Norris
1|Nor
1|Noon
1|None
1|Nollie
1|Noah
1|Nicoles
1|Nicholson
1|Nice
1|Nexus-they
1|Next
1|Newt
1|News-Column
1|Newport
1|Newbury
1|Neveu
1|Neverland
1|Neverending
1|Never
1|Netty
1|Nerve
1|Neighbor
1|Needless
1|Needed
1|Need
1|Necromantic
1|Navigator
1|Navigating
1|Naturally
1|Natural
1|Nation
1|Nathan
1|NatWest
1|Nat
1|Narita
1|Napoleon
1|Napleton
1|Nanny
1|Name
1|Nacho
1|NUT
1|NOW'CAUSE
1|NOOOOO
1|NOONE
1|NOBODY
1|NISSAN
1|NINE-SAN
1|NIGHTS
1|NEXT
1|NEWS
1|NEIGHBORHOOD'S
1|NEED
1|NAZI
1|NASY
1|NASH
1|Mustangs
1|Mustang
1|Must
1|Muslims
1|MrsSatan
1|Mpreg
1|MoveOn.org
1|Mountains
1|Mountain-watched
1|Mountain-hard
1|Mountain-This
1|Mountain-Beautiful
1|Mountain'is
1|Motorcycles
1|Motorcycle
1|Morris
1|Moron
1|MooLatte
1|Monsters
1|Monica
1|Monchel
1|Mom's
1|Mom
1|Mk
1|Mix
1|Mitsubuishi
1|Mit-Mit
1|Mission's
1|Minni
1|Mini-Me
1|Mime
1|Milk
1|Mileage
1|Milch
1|Midway
1|Middle
1|MicrofichÃ
1|Micomonaco
1|Michigan's
1|Michael
1|Meyers
1|Mexico
1|Metro
1|Metairie
1|Messiah
1|Meryl
1|Mercedes
1|Men
1|Memphis
1|Memoirs
1|Meloni
1|Melissa
1|Melbourne
1|Melandry
1|Mel
1|MegaWoof
1|Meg
1|Med
1|Meaghan
1|McPhee
1|McNinja
1|McMurtry
1|McMahon
1|McKellen
1|McGill
1|McGarther
1|McCartney
1|Mayor
1|May
1|Mavericks-you
1|Mavericks-just
1|Mastercard-Priceless
1|Mastercard's
1|MasterCard's'Priceless'campaign
1|Maruti
1|Marquies
1|Mariska
1|Marisa
1|Mario
1|Mariners-not
1|Margaritas
1|Margaret
1|Marching
1|Marathon
1|Mapquest
1|Maoridom
1|Manu
1|Manning
1|Manito
1|Manhattan
1|Mancari's
1|Management
1|Malone
1|Malaguena
1|Majandra
1|Maiko
1|Mahatma
1|Maguire
1|Magazine
1|Mag
1|Madrid
1|Madonna's
1|Madison
1|Maddie
1|Mad
1|Mack
1|MacBook-styled
1|MacBook-although
1|MacBook's
1|Ma-but
1|Ma
1|MYSELF
1|MYBUTTHOLE
1|MYA
1|MUTHERFCUKAS
1|MUNI
1|MTR
1|MOVIES
1|MOOCHING
1|MOM
1|MODE
1|MO
1|MLK
1|MIssion
1|MIT-even
1|MISSiON
1|MINORITY
1|MICROBUSES
1|MHT
1|MERCURY
1|MENTION
1|MEETINGS
1|MCGILL
1|MBNA-American
1|MBNA
1|MBA
1|MB
1|MAVS
1|MAVERiCKS
1|MATCH
1|MARS
1|MARINERS
1|MARCH
1|MANUFACTURER
1|MAC
1|Lynne
1|Luther
1|Luna
1|Lucy
1|Luckily
1|Luck's
1|Luck
1|Lucifer
1|Loved
1|Louisiana
1|LotR
1|Lot
1|Lost
1|Lordele
1|Loops
1|Loong
1|Long
1|Londonluxury.com
1|London-street-themed
1|Logs
1|Locating
1|Locate
1|Livejournal
1|Live
1|Litres-Lupo
1|Lit
1|List
1|Lis'policy
1|Lions
1|Line
1|Lincoln
1|Limbaugh
1|Lilo
1|Lili
1|LikÃ
1|Lightroom
1|Lightning
1|Light
1|Libre-sucked
1|Liberty
1|Liberace
1|Lib
1|Lewinsky
1|Leslie
1|Lenova
1|Lego
1|Legend
1|Ledger
1|Lech
1|Leaves
1|Leary
1|Learn
1|LeBron
1|Law
1|Laura
1|Laugh
1|Later
1|Lasts
1|Lara
1|Laptop
1|Langdon
1|Lamborghini
1|Lamb
1|Lakes
1|Lakers-The
1|Lake
1|Lafayette
1|Laden
1|Lack
1|Labrynth
1|LUAU
1|LSU
1|LOUD
1|LOSER
1|LOC
1|LO
1|LIVE
1|LIKES
1|LIGHT
1|LGBT-friendly
1|LGBT
1|LG
1|LESS
1|LEE
1|LEDER
1|LAYOUT
1|KÃ
1|Kuu
1|Kurt
1|Kudos
1|KrAzY
1|Kottaras
1|Kooley-sucks-little-boys
1|Kontroverse-Grande
1|Kong
1|Komm
1|Knoxville
1|Knights
1|Knight's
1|Kirk
1|Kira
1|Kings
1|King's
1|Killian
1|Kia
1|Khaled
1|Kevin
1|Keshavjee
1|Kerry
1|Kennedy
1|Kenley
1|Ken
1|Kelsey
1|Kelse
1|Kelli-I
1|Kelleher
1|Keep
1|Kdrama
1|Katie's
1|Katie
1|Katharine
1|Karl
1|Kane
1|KNOW
1|KNICKS
1|KING
1|KINDA
1|KICK
1|KC
1|KAT-TUn
1|K-Fed
1|June
1|Julien
1|Julie_Gong
1|Julian
1|JuliaD
1|Js
1|Joy
1|Journey
1|Journal
1|Jorge
1|Jordan
1|Jolie-after
1|Johnston
1|John's
1|Joe's
1|Jill
1|Jetta's
1|Jethro
1|Jeter
1|Jessica's
1|Jenova
1|Jenn
1|Jen
1|Jeff-MIT
1|Jeff
1|Jeebus
1|Jays
1|Jay
1|Jarno
1|Japenese
1|Jame
1|Jamaica
1|Jahrhunderts
1|Jacobson
1|Jacksonville
1|JaBitch
1|JUICY
1|JOLIE'S
1|JENN
1|JCP
1|JAPAN
1|JAKE
1|JACK
1|IÃ
1|Ivins'latest-finally
1|Ivan's
1|Isuzu
1|Island
1|Islamic
1|Irrespective
1|Iran
1|Iphoto
1|Iowa
1|Io
1|International
1|Institutions
1|Instead
1|Inside
1|Innova
1|Inn
1|Independant
1|Indecent
1|Inappropriate
1|Impossible-Tom
1|Immortal
1|Illinois
1|Idk
1|IdK
1|Ich
1|IU's
1|ITS
1|IT'S
1|IQ
1|IPFW
1|INTERVIEWS
1|INTERNET
1|INTELLECT
1|IMac
1|IMO
1|IMA
1|IL
1|III-Sucks
1|IGUAL
1|IF
1|IDENTITY
1|ID
1|ICON
1|IC
1|IBM's
1|I'mma
1|I'ever
1|I'LL
1|Hyundai's
1|Hyper
1|Husky
1|Hurricans
1|Hurricane
1|Hunky
1|Hungry
1|Hungarian
1|Humblebee
1|Hudson
1|Hubba
1|Hub
1|Hsien
1|Howard
1|Houston's
1|House
1|Hounds
1|Hotdogs
1|Hosanna
1|Horseshoe
1|Horrendous
1|Horizon
1|Hope
1|Hoosiers
1|Hooray
1|Hoooo
1|Hookup
1|Hong
1|Honestly
1|Honda-san
1|Home
1|Holiness
1|Holden's
1|Hojo
1|Hobo
1|Hitlery
1|Him
1|Hilton-alikes
1|Hilton'cuz
1|Hilo
1|Hilleary
1|Hill-Form
1|Highly
1|Highlander
1|High
1|Hicks
1|Hhhhmmmm
1|Hermione
1|Here's
1|Here
1|Herb
1|Her
1|Hennessy
1|Hell
1|Helena
1|Heidi
1|Hedge-good
1|Hedge
1|Heather
1|Heart
1|Heard
1|Healey's
1|Headmistress's
1|Hayes
1|Hayek
1|Hawk
1|Hawaii
1|Haven
1|Havard
1|Haute
1|Hauptstadt
1|Hasselbeck
1|Harvard-yes
1|Harvard-related
1|Harvard-he
1|Harvard-Because
1|Harrison
1|Harris
1|Harrington's
1|Harlem
1|Hargitay
1|Hardy
1|Hard
1|Harbor
1|Happiness
1|Hangzhou
1|Hands
1|Hammer
1|Hamer
1|Halle
1|Hairy
1|Hahvahd
1|Haha
1|Hackers
1|HYUNDAI
1|HYD
1|HUYENDO
1|HUGE
1|HOnda
1|HOWEVER
1|HOUSTON
1|HOURS
1|HOTTER
1|HOPING
1|HOO
1|HONEYMOON
1|HONDA'S
1|HOMEWRECKING
1|HO
1|HMV
1|HMPH
1|HIT
1|HILARIOUS
1|HIDE
1|HIDDEN
1|HERE
1|HER
1|HELP
1|HEELS
1|HECKAA
1|HEATH
1|HEAT
1|HD
1|HCD
1|HAte
1|HATING
1|HAS
1|HAPPY
1|HANDsome
1|HAMILTON
1|HAHVAHD
1|Gyn
1|Gyllenhall
1|Gump
1|Gum
1|Guide
1|Ground
1|Grizzlies
1|Grilled
1|Grey's
1|Grew
1|Greece
1|Great-Grandfather's
1|Granted
1|Grant
1|Grand
1|Grail
1|Grafton
1|Graduation
1|Grace
1|Governor
1|Goth
1|Gore
1|Googled
1|Google
1|Goodwill
1|Goode
1|Gongpu
1|Godino's
1|God-awful
1|God's
1|Globe
1|Glad
1|Gipper
1|Ginobili
1|Gigs
1|Gibson
1|Giants'annoouncers
1|Giant
1|Geting
1|Get
1|Georgetown
1|Geology
1|Geo
1|General
1|Gene
1|Gekko
1|Geisha
1|Geico's
1|Geico'Caveman'commercials
1|Gehry
1|Geccos
1|Gayness
1|Gayle
1|Gatsby
1|Gates
1|Garrett
1|Garnet
1|Gardner
1|Garageband
1|Gap
1|Gandhi
1|Gallery
1|Gal
1|Gahaha
1|Gage
1|GYLLENHAAL
1|GTS
1|GSL
1|GROSS
1|GPA
1|GP
1|GOES
1|GODDAMN
1|GN
1|GLI-a
1|GL
1|GIRL
1|GF
1|GEKCO
1|GB
1|GAY
1|G5
1|Further
1|Funkzeit
1|Functionally
1|Fuji
1|Fuhrer's
1|Fucked
1|Frodo's
1|Friends
1|Friday-Harry
1|Frey
1|Fresh
1|Frequent-Flier
1|Freight
1|Freeway
1|Freakin
1|Francophone
1|Francois
1|Francisco-Lucas
1|Francisco-Florida
1|Fraiser
1|Fr
1|Fox
1|Fowl
1|Four
1|Foundation
1|Forrest
1|Fork
1|Foreigners
1|Foreigner
1|Fools
1|Food
1|Folie
1|Folgende
1|Flip
1|Flag
1|Five-Diamond
1|Fish'shoulder
1|Firstly
1|Firefox
1|Finished
1|Finale
1|Film
1|File
1|Fest
1|Ferrari
1|Feinstein
1|Feeling
1|Federal
1|Feb
1|Feathers
1|Feast
1|Faruza
1|Far
1|Fantasy
1|Fanning
1|Fandom
1|Famous
1|Fame
1|Falwell
1|Fallon
1|Fall
1|Faith
1|Fadl
1|Facebook
1|Fabulous
1|FYI-Mission
1|FYI
1|FUcking
1|FS
1|FROM
1|FRI
1|FRESHMAN
1|FREAKIN
1|FORD
1|FOOL
1|FM
1|FIRST
1|FINANCING
1|FELT
1|FE15GP
1|FE
1|FAULTY
1|FARM
1|FANTASTIC
1|FANS
1|FAMOUS
1|F350
1|Extended
1|Exponent
1|Explorer
1|Exhibition
1|Executive
1|Ew
1|Events
1|Evening
1|Evanescence
1|Estima
1|Essex
1|Especially
1|Ernie's
1|Eragon's
1|Equus
1|Eoin
1|Entertainment
1|Ennis
1|English-Speaking
1|Emo-Mound
1|Emo
1|Emily
1|Embassy
1|Em
1|Elize
1|Elizabeth
1|Eliza
1|Elite
1|Electra
1|El
1|Either
1|Eisenhower
1|Eintrag
1|Einer
1|EindrÃ¼cke
1|Ein
1|Ehrenberger
1|Effiel
1|Eff
1|Education
1|Editing
1|Eddies
1|Eddie
1|Ed
1|Economics
1|Eclipse
1|Eastern
1|Easter
1|Earvin
1|Earrings
1|Eagle
1|EXCELLENT
1|EXACTLY
1|EVILPINKMUNKY
1|EVERYWHERE
1|EVERYTHING
1|EVERYBODY
1|ETI
1|ET
1|ES
1|EMPEZANDO
1|EMAIL
1|ELLOS
1|ELISE-MARIE
1|EL
1|EJECTED
1|EE
1|EB
1|E1705
1|E1505
1|E
1|Dwight
1|During
1|Durham
1|DuoT
1|Dungeons
1|Dungeon
1|Duncan
1|Dumbledor
1|Dumb
1|Duke
1|Due
1|Duds
1|Dublin
1|Dual
1|Drive
1|Drift
1|Dragons
1|Doyle
1|Double
1|Dorrell
1|Dorks
1|Doris
1|Donk
1|Donald
1|Dominion
1|Dolphins
1|Dogtown
1|Do
1|Dividend
1|Dislike
1|Diesel
1|Died
1|DidnÃ
1|Did
1|Dick's
1|Dick
1|Diane
1|Diana
1|Devin
1|Devil
1|Deutschland
1|Detroit
1|Detriot
1|Details
1|Destructive
1|Despite
1|Derek
1|Depp
1|Department
1|Denny's
1|Dennis
1|Denial
1|Deng
1|Dementors
1|Delfino
1|Definitely
1|Defensive
1|Deep
1|Deciding
1|Dead
1|DeKalb
1|DeGraw
1|De
1|Dave
1|Darkness
1|Daniel's
1|Daniel
1|Dana
1|Damnit
1|Dakotah
1|Dakota
1|Daily
1|Daddy
1|Dad
1|DaVinci
1|DX-She
1|DX
1|DVd
1|DVD-ROM
1|DV1608TN
1|DUMBEST
1|DROP
1|DRIVERS
1|DOWN
1|DONT
1|DONKEY
1|DON
1|DOLLARS
1|DOING
1|DOES
1|DISLIKE
1|DISASTROUS
1|DISAGREE
1|DIMSUM
1|DIFFRENCE
1|DIED
1|DIE
1|DESTROYED
1|DESPERATE
1|DER
1|DELINCUENTE
1|DEFINITELY
1|DEFECTIVE
1|DEC
1|DEARLY
1|DE
1|DCPJ
1|DAYS
1|DAMN
1|DAM
1|D-line
1|Cuter
1|Curt
1|Currently
1|Cup
1|Culver's
1|Culkin's
1|Cuban
1|Crystallyn
1|Crystal
1|Cruz
1|Cruise-hes
1|Crowe
1|Croft
1|Critics
1|Crimson
1|Creed
1|Credit
1|Creative
1|Crash-and
1|Craigslist
1|Craig
1|CrUiSe
1|Cowtails
1|Cowboys
1|Cowan
1|Courtesy
1|Court
1|Coupes
1|Cougar
1|Costello
1|Costa
1|Cosby
1|Cos
1|Corrolla
1|Corona
1|Corner
1|Copy
1|Cooper
1|Coop
1|Converting
1|Convertible
1|Construction
1|Considered
1|Connecticut
1|Congratulation
1|Congrats
1|Conference
1|Conclusions
1|Concept
1|Complex
1|Compass
1|Compare
1|Companies
1|Comp
1|Common
1|Commercials-Priceless
1|Commerce
1|Comments
1|Combine
1|Columbus
1|Colts
1|Colorado
1|Colony
1|Collateral
1|Colfer
1|Cold-Year
1|Coke
1|Coheed
1|Code-very
1|Code-themed
1|Code-that
1|Code-sucked
1|Code-illustrated
1|Code'it
1|Cobequid
1|Cobalt
1|Coach
1|Clips
1|Clipper
1|Clip
1|Clerks
1|Classical
1|Clarksville
1|Clan
1|Claire
1|Civic-sized
1|Citizen
1|Citibank
1|Circle
1|Cincinnatti
1|Cigarettes
1|Chuck
1|Chrysler
1|Chronicles
1|Chronicle
1|Christopher
1|Christina
1|Christians
1|Christianity
1|Christain
1|Chippendales
1|Chinatown
1|Child
1|Chief
1|Chicken
1|Chick
1|Chevrolet
1|Chertoff
1|Chengdu
1|Cheney
1|Checked
1|Charmed
1|Charlize
1|Charles
1|Channuka
1|Channel
1|Champions
1|Chamber
1|Challenge
1|Chad
1|Centre
1|Center-International
1|Caveman
1|Causeway
1|Cause
1|Cathy
1|Cat
1|Casanova
1|Cars-good
1|Cars
1|Carol
1|Caribbean
1|Cares
1|Care
1|Capitol
1|CapitalOne
1|Cape
1|Can't
1|Camrys
1|Camper
1|Campbell
1|Camery
1|Cameron
1|Calumet
1|Called
1|Call
1|Calif
1|Cable
1|Cab
1|CW
1|CUBBIES
1|CU
1|CT
1|CS
1|CRH
1|CREDIT
1|CRAZZY
1|CRAZY
1|COURSE
1|COUNTRY
1|CORE
1|CONTEST
1|CONSERVATORY
1|CONCEPT
1|COMO
1|COMMERCIAL
1|COMES
1|COME
1|COLOURING
1|CODE-SUCKED
1|CMU
1|CLOSED
1|CITY
1|CHicken
1|CHICAGO
1|CHEATED
1|CHANGE
1|CDs
1|CCR
1|CCC
1|CBR
1|CARD
1|CANT
1|CANCELLED
1|CANCEL
1|CALLED
1|Bystander
1|BushCo
1|Bush's
1|Burton
1|Burt
1|Burger
1|Bullock
1|Bullet
1|Bulger's
1|Buick
1|Bugatti
1|Buffy
1|Buffalos
1|Buenos
1|Budda
1|Bubba
1|Bruno
1|Bruins
1|Browns
1|Brown's
1|Brooklyn
1|Broncos
1|BrokeBack
1|Broke
1|Britney
1|Brio
1|Brille
1|Brigid
1|Bridget
1|Bride
1|Brendan
1|Break
1|Bread
1|Brazil
1|Brass
1|Brandeis
1|Braddy
1|Br
1|Boys
1|Boycott
1|Boxer
1|Boston-area
1|Boston-Freak
1|Born
1|Boring
1|Borat
1|Book-I
1|Book
1|Bonta
1|Bongo
1|Bonds
1|Bond
1|Boiler
1|Boeing
1|Bodyguard
1|Body
1|Bodies
1|Blut
1|Blue-green
1|Blue
1|Blogger
1|Blitz
1|Blind-Paris
1|Blind
1|Blah
1|BlackHawks
1|Bitching
1|Bitch
1|Bird
1|Biology
1|Bin
1|Billiards
1|Bildli
1|Biennale
1|Biden
1|Beyond
1|Bewitched
1|Bevan
1|Berne
1|Berkeley
1|Bergemot
1|Bentlys
1|Benjamin
1|Bengals
1|Belt
1|Bellevue
1|Bell
1|Beetles
1|Becuase
1|Beckham
1|Beck
1|Beauty
1|Beatles
1|Beatle
1|Beating
1|Beach
1|Bayh
1|Bayers
1|Bath
1|Baseball
1|Barry
1|Barnyard
1|Barbra
1|Barack
1|Banner
1|Bangungot
1|Bandila
1|Ballroom
1|Ballo
1|Balk
1|Bailey
1|Bacharach
1|BX540
1|BWI
1|BUSES
1|BURN
1|BURBANK
1|BULLS
1|BUF
1|BREAKING
1|BRAND
1|BOYY
1|BOYS
1|BOY
1|BOUGHT
1|BOOTH
1|BOOKS
1|BOOK
1|BODY
1|BMW-I
1|BMW
1|BLACK
1|BKE
1|BK
1|BITHC
1|BITCHES
1|BITCH
1|BIMBO
1|BILL
1|BEFORE
1|BECOME
1|BECAUSE
1|BEATIN
1|BEAT
1|BDAY
1|BBM
1|BATTERY
1|BASTARD
1|BANK
1|BAM
1|BALLZ
1|BALLLSSS
1|BAH
1|BAG
1|BAD
1|BACK
1|B11
1|Away
1|Avid
1|Avery
1|Aveo
1|Avatar
1|Avalon-in
1|Avalon
1|Automatica
1|Authority
1|Austin
1|Aulie-Ata
1|August
1|Aug
1|Auerbach
1|Attractive
1|Atlantic
1|Atlanta
1|Astonished
1|Association
1|Ass
1|Ask
1|Ash
1|Arts
1|Artemis
1|Arnold
1|Army
1|Arman
1|Arizona
1|Arena
1|Archive
1|Arbor
1|Anza's
1|Antics
1|Anthony
1|Annoying
1|Anniversary
1|Ann
1|Anistonnn
1|Anglophilic
1|Anatomy
1|AmÃƒ
1|Alyza
1|Alright
1|Almost
1|Allston
1|Allstate's
1|AllState
1|Aliki
1|Ali
1|Alena
1|Albuquerque
1|Airlines-I
1|Aires
1|Aimee
1|Ah
1|Agnus
1|Against
1|African
1|Africa
1|Aflac
1|Afghan
1|Advocate
1|Adult
1|Adobe
1|Ade
1|Adapted
1|Ad
1|Acer
1|Accords
1|Acc
1|Abu
1|Absolute
1|Abrams
1|Abraham
1|Aber
1|Aamir
1|AZD
1|AWEsome
1|AWESOMEST
1|AUTO
1|AUGUST
1|ATTRACTIVE
1|ATTRACTED
1|ATM
1|ATLEAST
1|ATF
1|ATAK
1|ATA-S
1|ARK
1|ARGGG
1|APPLE
1|ANYWAY
1|ANYTHING
1|ANYMORE
1|ANG
1|AMEX
1|AMERICA
1|ALSO
1|ALREADY
1|ALMOST
1|AL
1|AGAINNNN
1|ADD
1|ACURA
1|ACTUALLY
1|ACCORD
1|ABSOLUTLEY
1|ABB
1|ABA
1|AAS
1|AAB
1|AAAAARRRGGGHHH
1|AAA-OOOOO
1|AA's
1|A6
1|A4
1|A's
1|>:(
1|=(
1|;)
1|:-p
1|9th
1|9pm
1|9am
1|955T
1|93
1|8mb
1|8chiporrrrrr
1|8am
1|89
1|88
1|84
1|833
1|8230
1|8217
1|8200
1|81
1|800
1|8-16
1|7th
1|76ers
1|74,000
1|736
1|7200
1|710m
1|700MHz
1|700M
1|70
1|670P
1|661
1|6400
1|6100
1|600m
1|600RR
1|600E
1|60,000
1|60
1|5th
1|52
1|51st
1|517,648
1|512mb
1|500GB
1|5000
1|4x4
1|4am
1|49mm
1|49ers
1|470
1|43
1|3k
1|39
1|385
1|38
1|376
1|37
1|35-40
1|35-27
1|3333333333
1|3333333
1|3333
1|321
1|307
1|300
1|3.70
1|3.2
1|3-1
1|3-0
1|2k
1|2XP
1|2MORROW
1|2GB
1|2Duo
1|29112
1|286
1|27.9
1|26082
1|26
1|25th
1|253mph
1|252
1|2500-2
1|2500
1|25.2
1|2428AWXCi
1|24.4
1|23hours
1|23000
1|230
1|23
1|222
1|22.5
1|22.1
1|21602
1|21
1|20s
1|20k
1|200GB
1|2006-2007
1|2002
1|2000
1|20.9
1|2.0
1|2-4
1|2-0
1|1am
1|1GB
1|1996
1|1994
1|1993-1994
1|1990s
1|1989
1|1984
1|1980s
1|1980
1|1973
1|1965
1|1930s
1|1906
1|19.8
1|19
1|1874
1|1845
1|17TH
1|179
1|177
1|17.7
1|160gb
1|160GB
1|16.6
1|16.2
1|16
1|15th
1|1505
1|150
1|15.8
1|15.5
1|15.4-
1|15.4
1|14th
1|14.3
1|13th
1|130
1|13.6
1|12pm
1|120
1|12-26
1|110,000
1|11.9
1|11-7
1|11,000
1|109
1|100K
1|1000
1|10.9
1|1.3
1|1,280
1|1,000
1|0izzzz
1|0GuExXx
1|08
1|06
1|04
1|03
1|02
1|01
1|007
1|006
1|..
.
